ym,hs2,nbothpos,valbothpos,nbothzero,valbothzero,nimpfriction,valimpfriction,ntrackermiss,valtrackermiss,n_total,val_total,pct_n_bothzero,pct_val_bothzero,pct_n_bothpos,pct_val_bothpos,pct_n_trackermiss,pct_val_trackermiss,pct_n_impfriction,pct_val_impfriction
2025m1,01,5,1999034,179,363882128,1,11261,5,11930586,190,377823009,94.21052631578948,96.31020857176011,2.631578947368421,.5290927107088917,2.631578947368421,3.157718221443734,.5263157894736842,.0029804960872566
2025m1,02,106,654342523,194,604081203,42,459203209,22,41776401,364,1759403336,53.2967032967033,34.3344354668201,29.12087912087912,37.19116075382956,6.043956043956044,2.374464123444176,11.53846153846154,26.09993965590617
2025m1,03,118,109037597,1545,1675847404,22,12258723,15,2337057,1700,1799480781,90.88235294117646,93.12949722467751,6.941176470588236,6.059392139737446,.8823529411764706,.1298739627939377,1.294117647058824,.6812366727911167
2025m1,04,236,110856361,102,93700205,35,6938691,201,159892905,574,371388162,17.77003484320558,25.22972312725466,41.11498257839721,29.84919077738402,35.01742160278746,43.05277371765016,6.097560975609756,1.868312377711167
2025m1,05,37,14233235,152,79614555,4,4455756,2,170070,195,98473616,77.94871794871796,80.84861532859725,18.97435897435897,14.45385635072038,1.025641025641026,.1727061591807495,2.051282051282051,4.524822161501615
2025m1,06,148,316790178,145,48456897,111,46831080,10,17703255,414,429781410,35.02415458937198,11.27477733390097,35.7487922705314,73.70960461039951,2.415458937198068,4.119130001458183,26.81159420289855,10.89648805424134
2025m1,07,334,144353364,502,855573726,223,357733535,234,201302407,1293,1558963032,38.82443928847641,54.88095024949893,25.83139984532096,9.259575822962812,18.09744779582367,12.91258374111337,17.24671307037896,22.94689018642489
2025m1,08,221,645186602,328,1575169852,128,236789881,127,431879396,804,2889025731,40.79601990049751,54.52252761538315,27.48756218905473,22.33232452992645,15.79601990049751,14.94896329118226,15.92039800995025,8.196184563508133
2025m1,09,138,39205238,691,1072236238,42,2636738,68,28293393,939,1142371607,73.58892438764644,93.86054690345608,14.69648562300319,3.431916353642357,7.24174653887114,2.47672410856759,4.472843450479233,.2308126343339694
2025m1,10,121,181974517,87,137628781,18,1662667,64,15285955,290,336551920,30,40.89377383436113,41.72413793103448,54.07026559230444,22.06896551724138,4.541930707155081,6.206896551724138,.4940298661793401
2025m1,11,161,41140851,137,81536035,48,38206043,96,46247190,442,207130119,30.99547511312217,39.36464450155605,36.42533936651584,19.86232190597061,21.71945701357466,22.32760267955043,10.85972850678733,18.44543091292291
2025m1,12,70,19985938,496,180985912,10,778363,133,40242976,709,241993189,69.95768688293371,74.78967186964918,9.873060648801129,8.258884509348732,18.75881523272215,16.62979696507078,1.410437235543018,.3216466559312957
2025m1,13,52,89604190,128,86994115,9,3396162,2,832116,191,180826583,67.01570680628272,48.10914056812101,27.22513089005236,49.55255389634831,1.047120418848168,.4601734911951524,4.712041884816754,1.878132044335539
2025m1,14,7,1759569,44,12590984,0,0,2,196911,53,14547464,83.01886792452831,86.55105797134127,13.20754716981132,12.09536590020089,3.773584905660377,1.353576128457854,0,0
2025m1,15,211,729328050,177,404936208,42,42464864,160,181714392,590,1358443514,30,29.80883664478963,35.76271186440678,53.68850765479822,27.11864406779661,13.37666160773469,7.118644067796611,3.125994092677452
2025m1,16,265,182631224,451,333625017,46,19148558,24,82120392,786,617525191,57.3791348600509,54.026138830019,33.71501272264631,29.57470021656169,3.053435114503817,13.2983064005886,5.852417302798982,3.100854552830704
2025m1,17,293,284437809,72,187933530,83,39590108,61,28331806,509,540293253,14.14538310412574,34.78361592644208,57.56385068762279,52.64507883832486,11.98428290766208,5.243783046093304,16.30648330058939,7.327522189139756
2025m1,18,193,297456765,93,673640009,70,54655310,68,71935561,424,1097687645,21.93396226415095,61.36900711859611,45.5188679245283,27.09848893306984,16.0377358490566,6.553372567111293,16.50943396226415,4.979131381222752
2025m1,19,313,289312245,622,842407412,144,99458720,44,40687919,1123,1271866296,55.38735529830811,66.23395986271186,27.87177203918077,22.74706436595439,3.918076580587711,3.199072035163042,12.82279608192342,7.819903736170708
2025m1,20,1070,663662028,457,204677789,426,137485307,348,362228948,2301,1368054072,19.86093003042156,14.96123531877474,46.50152107779226,48.51138866388317,15.1238591916558,26.47767770395555,18.51368970013038,10.04969831338655
2025m1,21,588,1095864586,236,161366922,265,56666494,124,21826440,1213,1335724442,19.45589447650454,12.08085417366346,48.47485572959604,82.04271416634001,10.22258862324814,1.634052601996183,21.84666117065128,4.242379058000348
2025m1,22,37,34810874,588,1727995730,7,2875995,485,855404126,1117,2621086725,52.64100268576545,65.92669038831593,3.312444046553268,1.328108439448908,43.41987466427932,32.63547588262269,.6266786034019696,.1097252896124603
2025m1,23,52,58114701,185,265773051,4,5526779,18,119294907,259,448709438,71.42857142857143,59.23054620482488,20.07722007722008,12.95152187104208,6.94980694980695,26.58622638554797,1.544401544401544,1.231705538585083
2025m1,24,30,28819472,59,112230557,4,9056390,65,64868648,158,214975067,37.34177215189873,52.20631330237009,18.9873417721519,13.40596023630964,41.13924050632912,30.17496349937176,2.531645569620253,4.212762961948513
2025m1,25,53,5444732,481,413264958,5,303258,3,9837667,542,428850615,88.74538745387454,96.36571420096949,9.778597785977858,1.269610398017034,.5535055350553505,2.293961266675577,.9225092250922509,.0707141343378976
2025m1,26,7,4619111,88,255452762,0,0,3,1457126,98,261528999,89.79591836734694,97.67664885223684,7.142857142857142,1.766194577909886,3.061224489795918,.5571565698532728,0,0
2025m1,27,213,2243563889,254,3013760166,23,330934879,120,14340986436,610,19929245370,41.63934426229508,15.12229946517037,34.91803278688524,11.25764597377728,19.67213114754098,71.95950558964893,3.770491803278689,1.660548971403426
2025m1,28,836,415110654,505,1402969365,99,65876392,10,2645883,1450,1886602294,34.82758620689655,74.36487114755941,57.6551724137931,22.00308222459948,.6896551724137931,.1402459335714133,6.827586206896552,3.491800694269696
2025m1,29,2776,1969393136,762,9730367534,435,396664497,40,44752363,4013,12141177530,18.98828806379267,80.1435240523989,69.17518066284575,16.22077538306122,.9967605282830799,.3685998568871927,10.83977074507849,3.267100707652695
2025m1,30,26,15752753,1240,19056697819,7,8933805,0,0,1273,19081384377,97.4076983503535,99.87062491110574,2.04241948153967,.0825556085908934,0,0,.5498821681068342,.0468194803033709
2025m1,31,13,1337066,189,796160205,0,0,0,0,202,797497271,93.56435643564357,99.83234224760125,6.435643564356436,.167657752398754,0,0,0,0
2025m1,32,896,386149584,124,17326394,83,15707577,21,2452456,1124,421636011,11.03202846975089,4.109324997859351,79.7153024911032,91.58363468152629,1.868327402135231,.5816524053966539,7.384341637010676,3.725387915217707
2025m1,33,229,260474207,831,1577596052,33,3285162,7,788242,1100,1842143663,75.54545454545455,85.63914333536971,20.81818181818182,14.13973362836468,.6363636363636364,.0427893880283104,3,.1783336482372928
2025m1,34,389,213461743,397,289695795,75,9850357,2,737867,863,513745762,46.00231749710313,56.38894107315283,45.07531865585168,41.55007375029208,.2317497103128621,.143624931742016,8.690614136732329,1.917360244813076
2025m1,35,174,132356593,89,134355344,19,29867276,38,36503528,320,333082741,27.8125,40.3369275744011,54.37499999999999,39.73685115074755,11.875,10.95929734768215,5.9375,8.966923927169196
2025m1,36,55,75452667,32,11644504,10,9556565,1,26438,98,96680174,32.6530612244898,12.04435565041494,56.12244897959183,78.0435779935605,1.020408163265306,.0273458341107247,10.20408163265306,9.884720521913831
2025m1,37,62,18455161,62,115093169,8,4527162,1,20805,133,138096297,46.61654135338345,83.34269020986132,46.61654135338345,13.36397962937413,.7518796992481203,.015065574133389,6.015037593984962,3.278264586631168
2025m1,38,814,771532586,486,988552340,100,52127971,27,19511949,1427,1831724846,34.05746320953048,53.96838625401274,57.0427470217239,42.12055034820443,1.89208128941836,1.065222707581267,7.00770847932726,2.845840690201568
2025m1,39,5034,5920761044,329,225075561,581,215922439,11,4179643,5955,6365938687,5.524769101595298,3.535622507009546,84.53400503778337,93.00688139034223,.1847187237615449,.0656563502337106,9.756507136859781,3.391839752414505
2025m1,40,2164,2066757770,813,720115617,106,93392415,11,18816603,3094,2899082405,26.27666451195863,24.83943249622806,69.94182288299935,71.29006634773461,.3555268261150614,.6490537477495401,3.425985778926956,3.221447408287796
2025m1,41,228,20392652,80,8101289,27,3008075,4,26670,339,31528686,23.59882005899705,25.69497821761427,67.25663716814159,64.67967615269473,1.179941002949852,.0845896337069042,7.964601769911504,9.540755995984101
2025m1,42,1912,1075965640,118,18217971,179,18992327,26,22119121,2235,1135295059,5.279642058165549,1.604690415551258,85.54809843400447,94.77409696011017,1.16331096196868,1.948314742026901,8.008948545861298,1.672897882311668
2025m1,43,109,7332362,40,9609388,10,298572,0,0,159,17240322,25.15723270440252,55.73786846904599,68.55345911949685,42.53030772859115,0,0,6.289308176100629,1.731823802362856
2025m1,44,888,540395771,1164,1302891181,157,85330433,60,62157622,2269,1990775007,51.30013221683561,65.44643048153357,39.13618334067871,27.14499474324574,2.644336712208021,3.122282617645903,6.919347730277655,4.286292157574791
2025m1,45,10,1581331,46,23657064,0,0,0,0,56,25238395,82.14285714285714,93.73442328642531,17.85714285714286,6.265576713574694,0,0,0,0
2025m1,46,161,52058859,54,3305588,22,624032,1,33146,238,56021625,22.6890756302521,5.900557150921631,67.64705882352942,92.92636370330207,.4201680672268908,.0591664379603412,9.243697478991598,1.113912707815955
2025m1,47,4,98646,63,381957682,1,23920,0,0,68,382080248,92.64705882352942,99.96792139854348,5.88235294117647,.0258181365083285,0,0,1.470588235294118,.0062604649481907
2025m1,48,163,216587166,2172,1490846928,4,46979,0,0,2339,1707481073,92.86019666524156,87.31264735957632,6.968790081231295,12.6846012775686,0,0,.1710132535271484,.0027513628550775
2025m1,49,37,81803522,781,273458370,1,22699037,1,23744515,820,401705444,95.24390243902438,68.07435002050906,4.512195121951219,20.36405610674273,.1219512195121951,5.910926863117145,.1219512195121951,5.650667009631067
2025m1,50,49,1884403,62,2830429,5,62771,0,0,116,4777603,53.44827586206896,59.24370442667589,42.24137931034483,39.44243588259636,0,0,4.310344827586207,1.313859690727756
2025m1,51,295,15209565,34,2251556,27,2314870,18,578078,374,20354069,9.090909090909092,11.06194540266126,78.87700534759358,74.72493583469722,4.81283422459893,2.840110250191251,7.219251336898395,11.37300851245026
2025m1,52,1076,50131437,94,6501356,47,3401898,2,2076,1219,60036767,7.71123872026251,10.82895752864241,88.26907301066448,83.50122683987964,.1640689089417555,.0034578810681128,3.855619360131255,5.666357750409845
2025m1,53,54,2517228,224,17570675,0,0,0,0,278,20087903,80.57553956834532,87.46893590635119,19.42446043165468,12.5310640936488,0,0,0,0
2025m1,54,879,95807173,99,35339422,79,14988282,33,711051,1090,146845928,9.082568807339451,24.06564654622224,80.64220183486238,65.24332972991938,3.027522935779817,.4842156739954001,7.247706422018349,10.20680804986298
2025m1,55,704,105270248,101,6257775,54,10610042,5,442814,864,122580879,11.68981481481481,5.105017235192122,81.48148148148148,85.87819638656694,.5787037037037037,.3612423108827601,6.25,8.655544067358173
2025m1,56,472,110032731,415,141338236,28,940552,48,3797970,963,256109489,43.09449636552441,55.1866455834442,49.0134994807892,42.96316057231288,4.984423676012461,1.482947787225486,2.907580477673936,.3672460570174345
2025m1,57,410,144710775,233,133898044,33,4413524,1,300,677,283022643,34.4165435745938,47.31001116401842,60.56129985228951,51.13045849126637,.1477104874446086,.0001059985861273,4.874446085672083,1.559424346129084
2025m1,58,616,55814244,98,4544646,59,1852557,33,4185646,806,66397093,12.15880893300248,6.844646044970673,76.42679900744417,84.06127659835951,4.094292803970223,6.303959723055947,7.320099255583126,2.790117633613869
2025m1,59,521,174445769,207,47841533,33,7054561,1,89706,762,229431569,27.16535433070866,20.85220146840385,68.37270341207349,76.03389967663952,.1312335958005249,.0390992400875749,4.330708661417323,3.074799614869042
2025m1,60,388,54983620,25,1569007,41,10559136,3,162183,457,67273946,5.470459518599562,2.332265450877521,84.9015317286652,81.73092745295482,.6564551422319475,.2410784704081429,8.971553610503284,15.69572862575952
2025m1,61,7244,3818934645,117,6346671,987,200661510,131,4025141,8479,4029967967,1.379879702795141,.1574868845601422,85.4346031371624,94.7633995176121,1.544993513386013,.0998802231918584,11.64052364665645,4.979233374635903
2025m1,62,9826,3211234913,168,86131371,869,118403577,51,5054003,10914,3420823864,1.539307311709731,2.517854599484868,90.03115264797508,93.87314403393673,.4672897196261682,.1477422749878244,7.962250320689024,3.461259091590575
2025m1,63,1929,1345471523,260,54667327,146,9004504,6,42416,2341,1409185770,11.10636480136694,3.879355594117304,82.40068346860316,95.47864814161443,.2563007261853908,.0030099651091424,6.236651003844511,.6389862991591236
2025m1,64,2179,2376865516,172,27960851,201,17498884,10,1056593,2562,2423381844,6.713505074160812,1.153794688576531,85.05074160811866,98.08052007506912,.39032006245121,.0435999387639218,7.845433255269321,.7220852975904362
2025m1,65,517,247141716,207,29778287,57,2910525,42,2590434,823,282420962,25.15188335358445,10.54393653683539,62.81895504252734,87.50827638636824,5.103280680437424,.9172244091428312,6.925880923450791,1.030562667653543
2025m1,66,67,66967017,20,14883812,15,682256,1,28677,103,82561762,19.41747572815534,18.02748831838158,65.0485436893204,81.11141935173332,.9708737864077669,.0347339970772426,14.5631067961165,.8263583328078682
2025m1,67,70,140092139,94,103157400,6,930605,0,0,170,244180144,55.29411764705883,42.2464326173876,41.17647058823529,57.37245326548747,0,0,3.529411764705882,.3811141171249371
2025m1,68,399,345061266,671,441220729,68,7510967,32,12816885,1170,806609847,57.35042735042735,54.70063756858649,34.1025641025641,42.77920326454929,2.735042735042735,1.588981965403653,5.811965811965812,.9311772014605719
2025m1,69,866,510488035,264,83164519,103,41326830,4,653474,1237,635632858,21.34195634599838,13.08373504505017,70.00808407437349,80.3117756697216,.3233629749393694,.102806831298202,8.326596604688763,6.501682453930033
2025m1,70,1496,545548957,398,152522310,130,36295788,42,8746349,2066,743113404,19.26427879961278,20.52476905664859,72.41045498547919,73.41395728612103,2.032913843175218,1.176987112992514,6.292352371732816,4.884286544237869
2025m1,71,810,1112872588,771,37919706734,104,129543547,3,255096,1688,39162377965,45.67535545023696,96.82687493565739,47.98578199052132,2.84168798175277,.1777251184834123,.000651380261505,6.161137440758294,.330785702328329
2025m1,72,471,377859653,1489,2174786488,247,250387570,181,165571971,2388,2968605682,62.3534338358459,73.25952723147823,19.72361809045226,12.72852286482958,7.579564489112228,5.577432260671662,10.34338358458962,8.434517643020532
2025m1,73,2263,2210988845,1998,1603038142,1088,618043833,140,91264302,5489,4523335122,36.40007287301876,35.43929642098271,41.22791036618692,48.8796161541621,2.550555656768082,2.017632997301499,19.82146110402623,13.66345442755369
2025m1,74,779,438983558,237,291018949,112,762499654,6,5255069,1134,1497757230,20.8994708994709,19.43031508517572,68.69488536155202,29.3093933520855,.5291005291005291,.3508625359798797,9.876543209876543,50.9094290267589
2025m1,75,175,125070335,50,168908496,12,13643020,0,0,237,307621851,21.09704641350211,54.9078342292401,73.83966244725738,40.65716872628791,0,0,5.063291139240507,4.434997044471981
2025m1,76,1227,1286023014,114,1001401713,189,181760348,27,28995789,1557,2498180864,7.321772639691715,40.08523671887353,78.80539499036608,51.47837902900532,1.734104046242774,1.160676131093765,12.13872832369942,7.275708121027382
2025m1,78,25,2812982,28,86572819,4,4027190,3,13155150,60,106568141,46.66666666666666,81.23705470286848,41.66666666666667,2.639608773882994,5,12.34435533599108,6.666666666666667,3.778981187257456
2025m1,79,64,28103939,11,17004726,11,139547001,9,6345050,95,191000716,11.57894736842105,8.902964531295265,67.36842105263158,14.71404903005704,9.473684210526317,3.322003253642253,11.57894736842105,73.06098318500544
2025m1,80,38,6209580,31,115080989,3,419005,1,857119,73,122566693,42.46575342465754,93.89254632169933,52.05479452054794,5.066286646079289,1.36986301369863,.699308253344161,4.10958904109589,.3418587788772273
2025m1,81,302,194154892,127,109579282,35,26545570,26,37789489,490,368069233,25.91836734693878,29.77137782119376,61.63265306122449,52.7495575811956,5.306122448979592,10.26695132651851,7.142857142857142,7.212113271092126
2025m1,82,1479,668867893,605,173652037,105,12471550,229,53008056,2418,907999536,25.0206782464847,19.12468345138009,61.16625310173698,73.66390251106913,9.470636889991729,5.837894613197248,4.3424317617866,1.373519424353538
2025m1,83,1184,1083176561,289,209407289,109,38211015,16,692801,1598,1331487666,18.08510638297873,15.72731722172784,74.09261576971214,81.35085203260155,1.00125156445557,.0520321004610793,6.821026282853566,2.869798645209531
2025m1,84,8543,12158853635,11560,33841138343,555,255866941,62,65206474,20720,46321065393,55.79150579150579,73.05777200045586,41.23069498069498,26.24908026583827,.2992277992277992,.1407706697736144,2.678571428571428,.5523770639322695
2025m1,85,5856,15762139725,8252,25628905968,523,695370909,20,277403811,14651,42363820413,56.32380042317931,60.49715469036256,39.96996792027849,37.20660594662313,.1365094532796396,.6548130180319486,3.569722203262576,1.641426344982367
2025m1,86,152,65272926,76,85544910,11,14967623,2,97408,241,165882867,31.53526970954357,51.56946678525878,63.07053941908713,39.34880508184127,.8298755186721992,.0587209527792885,4.564315352697095,9.023007180120658
2025m1,87,2191,26484709368,1091,1963269782,150,1682579593,16,63385405,3448,30193944148,31.6415313225058,6.50219717032246,63.54408352668214,87.71530224134135,.4640371229698376,.2099275427195177,4.350348027842228,5.572573045616671
2025m1,88,40,50250029,400,2695387476,7,317825,0,0,447,2745955330,89.48545861297539,98.15846042914326,8.948545861297539,1.829965274781072,0,0,1.565995525727069,.0115742960756758
2025m1,89,161,234352712,82,22474985,17,10505253,3,115098,263,267448048,31.1787072243346,8.403495620203593,61.21673003802282,87.62550848753999,1.140684410646388,.0430356478055132,6.463878326996197,3.927960244450915
2025m1,90,1604,1696056403,5237,8080357130,144,16169305,36,28956134,7021,9821538972,74.59051417177041,82.2718023421391,22.84574846887908,17.26874380721034,.5127474718701039,.2948227775967736,2.050989887480416,.1646310730537923
2025m1,91,205,60725238,146,138402491,13,413091,582,467972177,946,667512997,15.43340380549683,20.7340518644613,21.67019027484144,9.097236798821463,61.52219873150106,70.1068262495569,1.374207188160677,.0618850871603328
2025m1,92,375,117869906,100,7843630,22,6004987,2,57819,499,131776342,20.04008016032064,5.952229270410314,75.1503006012024,89.44694033167198,.4008016032064128,.0438766163352751,4.408817635270541,4.556953781582433
2025m1,93,155,74968577,237,147811843,12,3994552,19,45304552,423,272079524,56.02836879432624,54.32670596703926,36.64302600472813,27.55392096319604,4.491725768321513,16.65121701697772,2.836879432624114,1.468156052786979
2025m1,94,1726,2189941020,3094,3488400962,180,128794708,6,1440536,5006,5808577226,61.80583300039952,60.05603138726351,34.47862564922094,37.70184908961043,.1198561725928885,.0248001523256325,3.595685177786656,2.217319370800425
2025m1,95,462,717173159,876,1634247500,30,2867704,7,886188278,1375,3240476641,63.7090909090909,50.43231848434731,33.6,22.13171821472173,.5090909090909091,27.34746693704064,2.181818181818182,.0884963638903145
2025m1,96,589,497819004,293,182098565,81,16923321,130,61308910,1093,758149800,26.80695333943276,24.01881066248385,53.88838060384263,65.66235379868201,11.89387008234218,8.086648575255181,7.410795974382434,2.232186963578966
2025m1,97,15,11864411,766,709563148,1,7140,0,0,782,721434699,97.9539641943734,98.35445245197445,1.918158567774936,1.644557853461385,0,0,.1278772378516624,.0009896945641646
2025m1,98,1,3285908,2031,9146249365,0,0,2,177467353,2034,9327002626,99.85250737463127,98.06204342115085,.0491642084562439,.0352300533382524,.0983284169124877,1.902726525510898,0,0
2025m1,99,0,0,222,2009305688,0,0,0,0,222,2009305688,100,100,0,0,0,0,0,0
2025m2,01,8,1411973,197,372415254,0,0,1,292399,206,374119626,95.63106796116504,99.54443127771115,3.883495145631068,.3774121702987055,.4854368932038834,.078156551990138,0,0
2025m2,02,80,336722760,198,449197575,34,309886509,24,103679717,336,1199486561,58.92857142857143,37.44915446368223,23.80952380952381,28.0722411528544,7.142857142857142,8.643674749766538,10.11904761904762,25.83492963369683
2025m2,03,99,159176547,1415,1401572263,37,10937405,17,2227678,1568,1573913893,90.24234693877551,89.05012334115028,6.313775510204081,10.11342156060376,1.084183673469388,.1415374760911396,2.35969387755102,.6949176221548227
2025m2,04,235,101926653,110,83768794,41,7309518,188,150952123,574,343957088,19.16376306620209,24.35443167840751,40.94076655052265,29.63353759989967,32.75261324041811,43.88690574098592,7.142857142857142,2.125124980706896
2025m2,05,45,21032330,167,70776817,3,917789,1,8635,216,92735571,77.31481481481481,76.32110983605202,20.83333333333334,22.67989485933073,.4629629629629629,.0093114216118861,1.388888888888889,.989683883005368
2025m2,06,154,244847602,149,47999230,112,68495302,9,14149508,424,375491642,35.14150943396226,12.78303552759238,36.32075471698113,65.20720426581426,2.122641509433962,3.768261771323261,26.41509433962264,18.2414984352701
2025m2,07,306,114726067,467,771319748,236,268025390,219,152829922,1228,1306901127,38.02931596091205,59.01898254312241,24.9185667752443,8.778480990628147,17.83387622149837,11.69406918722475,19.21824104234528,20.5084672790247
2025m2,08,215,493085571,325,1490177581,133,413766698,116,54771807,789,2451801657,41.191381495564,60.77887975748276,27.24968314321926,20.11115253112825,14.702154626109,2.23394118539826,16.85678073510773,16.87602652599072
2025m2,09,123,33966472,665,1032897263,49,2138264,54,30429630,891,1099431629,74.63524130190797,93.94829435091684,13.80471380471381,3.089457416364724,6.060606060606061,2.767760104161966,5.499438832772166,.1944881285564689
2025m2,10,100,127851350,80,92422832,18,18086210,61,14506090,259,252866482,30.88803088803089,36.5500525293028,38.61003861003861,50.56081335445637,23.55212355212355,5.736659870959094,6.94980694980695,7.152474245281745
2025m2,11,157,50556830,143,58716079,50,20297524,91,67689708,441,197260141,32.42630385487529,29.76581011366103,35.60090702947846,25.62952137401139,20.63492063492063,34.31494454827547,11.33786848072562,10.28972396405212
2025m2,12,66,17887607,494,172256392,20,1750512,117,43830419,697,235724930,70.87517934002869,73.07516943583354,9.469153515064562,7.588339086578581,16.78622668579627,18.59388355741584,2.869440459110474,.7426079201720412
2025m2,13,45,56598061,112,95699316,10,2591862,5,2326255,172,157215494,65.11627906976744,60.87142785048909,26.16279069767442,36.00030732339906,2.906976744186046,1.479660140876446,5.813953488372093,1.648604685235413
2025m2,14,10,1500252,40,11574689,1,70795,1,105007,52,13250743,76.92307692307693,87.35124513395212,19.23076923076923,11.32202171606528,1.923076923076923,.7924612227404908,1.923076923076923,.5342719272421177
2025m2,15,202,484618490,178,368091080,56,156822509,141,173785794,577,1183317873,30.84922010398613,31.10669486186321,35.00866551126516,40.95421028090902,24.4367417677643,14.68631531436355,9.705372616984402,13.25277954286422
2025m2,16,243,146632606,452,288256389,43,15995829,19,67153229,757,518038053,59.70937912813739,55.64386386881892,32.10039630118891,28.305373543669,2.509907529722589,12.96299154301701,5.680317040951123,3.087771044495065
2025m2,17,276,248653228,78,148217237,94,50296118,52,44214964,500,491381547,15.6,30.16337058338904,55.2,50.6028827329977,10.4,8.998092067140648,18.8,10.2356546164726
2025m2,18,190,206045422,101,613901104,67,140308597,51,85071114,409,1045326237,24.69437652811736,58.7281828648868,46.45476772616136,19.71111168043896,12.46943765281174,8.138235795568193,16.38141809290953,13.42246965910605
2025m2,19,276,213112190,600,811680310,149,108515390,42,36956202,1067,1170264092,56.23242736644799,69.35872984129809,25.86691658856607,18.21060660212071,3.936269915651359,3.15793693514438,13.96438612933458,9.27272662143683
2025m2,20,1016,589736583,440,285034436,397,110072496,338,204404494,2191,1189248009,20.08215426745778,23.96761935634235,46.37151985394797,49.58903261027028,15.42674577818348,17.18770958228276,18.11958010041077,9.255638451104609
2025m2,21,569,683235935,239,148326526,250,96015803,108,20326579,1166,947904843,20.49742710120069,15.64782869244186,48.79931389365352,72.07853615745267,9.262435677530018,2.144369147399746,21.44082332761578,10.12926600270572
2025m2,22,35,20423496,527,1544364055,6,1937666,490,764262455,1058,2330987672,49.8109640831758,66.25363460952701,3.30812854442344,.8761734884027307,46.31379962192816,32.7870655079123,.5671077504725899,.0831263941579525
2025m2,23,46,49309647,186,310210078,5,3404762,13,16174067,250,379098554,74.40000000000001,81.8283464093614,18.4,13.00707862895198,5.2,4.266454416494557,2,.8981205451920558
2025m2,24,23,42230864,63,127454574,2,19690,55,99752561,143,269457689,44.05594405594406,47.30040344107605,16.08391608391608,15.67253996600557,38.46153846153847,37.01974932324162,1.398601398601399,.0073072696767618
2025m2,25,58,17861532,449,404724702,13,5605148,4,468954,524,428660336,85.68702290076335,94.41617710111625,11.06870229007634,4.166826389087699,.7633587786259541,.1093999049167917,2.480916030534351,1.307596604879253
2025m2,26,4,4678068,96,246102555,2,131039,3,2355593,105,253267255,91.42857142857143,97.17109106741809,3.80952380952381,1.8470875755336,2.857142857142857,.9300819405177349,1.904761904761905,.0517394165305736
2025m2,27,178,1965786480,244,3216656362,29,310426047,119,12473711703,570,17966580592,42.80701754385965,17.90355346432634,31.2280701754386,10.94135008013327,20.87719298245614,69.42729941920159,5.087719298245614,1.727797036338811
2025m2,28,813,391235713,501,1007174137,122,64866931,10,2187111,1446,1465463892,34.64730290456431,68.72732535398423,56.22406639004149,26.69705580163145,.6915629322268326,.1492435952833425,8.437067773167358,4.426375249100985
2025m2,29,2781,1664362037,664,8770785124,457,430873123,24,29441106,3926,10895461390,16.91288843606725,80.49943742676142,70.83545593479369,15.27573709294747,.6113092205807438,.2702144034673138,11.64034640855833,3.954611076823797
2025m2,30,93,750248953,1146,18436978120,32,18126869,4,97832,1275,19205451774,89.88235294117646,95.99866921620482,7.294117647058823,3.906437410733934,.3137254901960784,.0005093970251324,2.509803921568627,.0943839760361161
2025m2,31,11,1237893,196,833272621,0,0,0,0,207,834510514,94.68599033816425,99.85166238420814,5.314009661835748,.1483376157918605,0,0,0,0
2025m2,32,912,354312952,123,19096240,82,16464922,28,4071541,1145,393945655,10.74235807860262,4.847430034480263,79.65065502183405,89.93955067228752,2.445414847161572,1.033528596729922,7.161572052401747,4.179490696502288
2025m2,33,227,192624809,832,1491799516,39,11243335,7,97830,1105,1695765490,75.29411764705883,87.972041228413,20.54298642533936,11.35916552942707,.6334841628959276,.0057690760059046,3.529411764705882,.6630241661540123
2025m2,34,384,186323943,391,275136645,80,9420555,2,1054061,857,471935204,45.6242707117853,58.29966543457945,44.80746791131855,39.48083156771666,.2333722287047841,.2233486697042418,9.334889148191365,1.996154327999655
2025m2,35,178,112250438,92,111240005,22,40164476,31,32860159,323,296515078,28.48297213622291,37.51580046125007,55.10835913312694,37.85656997854255,9.597523219814242,11.08212075474961,6.811145510835913,13.54550880545778
2025m2,36,48,91021712,29,16844005,13,16779754,2,177194,92,124822665,31.52173913043478,13.49434816185025,52.17391304347826,72.92082091020889,2.173913043478261,.1419565909764865,14.1304347826087,13.44287433696436
2025m2,37,58,21752727,57,95943446,5,373299,1,39683,121,118109155,47.10743801652892,81.23286124602281,47.93388429752066,18.41747745972783,.8264462809917356,.0335985809059425,4.132231404958678,.3160627133434322
2025m2,38,807,711808466,463,909485619,96,54305245,25,30697090,1391,1706296420,33.28540618260244,53.30173634191884,58.01581595974119,41.7165773576434,1.797268152408339,1.799047905169959,6.901509705248023,3.182638395267805
2025m2,39,5070,5285430001,328,148563299,579,229502001,10,9971634,5987,5673466935,5.478536829797895,2.618562877021509,84.68348087522966,93.1604971273178,.1670285618840822,.1757590925309588,9.670953733088359,4.045180903129737
2025m2,40,2125,2028359492,787,608851183,121,36289333,7,6216804,3040,2679716812,25.88815789473684,22.72072855883549,69.90131578947368,75.69305394199989,.2302631578947368,.2319948127414293,3.980263157894737,1.35422268642318
2025m2,41,219,21727963,82,8081182,33,2885752,2,43792,336,32738689,24.40476190476191,24.68389006047249,65.17857142857143,66.3678469226425,.5952380952380952,.1337622285363962,9.821428571428571,8.814500788348612
2025m2,42,1918,1044409725,125,17166131,192,11781416,25,19849692,2260,1093206964,5.530973451327434,1.570254450007327,84.86725663716814,95.53632197681463,1.106194690265487,1.815730474984424,8.495575221238937,1.077693098193619
2025m2,43,111,4515086,37,6898061,13,267538,0,0,161,11680685,22.98136645962733,59.05527800809627,68.94409937888199,38.65429125089839,0,0,8.074534161490684,2.290430741005343
2025m2,44,882,517850361,1152,1152290318,179,65816764,27,27478904,2240,1763436347,51.42857142857142,65.34345965820108,39.375,29.3659797747154,1.205357142857143,1.558258910039354,7.991071428571428,3.73230165704416
2025m2,45,12,1792978,56,20036159,1,20295,0,0,69,21849432,81.15942028985508,91.70105199988723,17.39130434782609,8.206062290314915,0,0,1.449275362318841,.0928857097978565
2025m2,46,167,44393479,57,3810733,21,1127827,0,0,245,49332039,23.26530612244898,7.724661451759575,68.16326530612244,89.9891427556846,0,0,8.571428571428571,2.286195792555828
2025m2,47,1,21930,51,328137050,0,0,0,0,52,328158980,98.07692307692307,99.99331726348004,1.923076923076923,.0066827365199636,0,0,0,0
2025m2,48,169,200668521,2110,1278528759,12,339764,0,0,2291,1479537044,92.099519860323,86.41410934486883,7.376691401134876,13.56292644471293,0,0,.5237887385421214,.0229642104182422
2025m2,49,45,141095562,777,217537610,10,1587020,0,0,832,360220192,93.38942307692307,60.39017657288907,5.408653846153847,39.16925401005838,0,0,1.201923076923077,.4405694170525566
2025m2,50,38,952951,58,2569287,4,109112,0,0,100,3631350,57.99999999999999,70.75294312032715,38,26.24233411816542,0,0,4,3.004722761507428
2025m2,51,298,11578413,37,2156965,28,3633659,17,805024,380,18174061,9.736842105263158,11.86837108117993,78.42105263157895,63.70845239267106,4.473684210526316,4.429521833342587,7.368421052631578,19.99365469280641
2025m2,52,1089,44007044,100,7478920,48,3512592,8,83476,1245,55082032,8.032128514056225,13.57778522041453,87.46987951807229,79.89364662509183,.642570281124498,.1515485122262737,3.855421686746988,6.377019642267373
2025m2,53,63,1137064,233,19301379,3,10824,0,0,299,20449267,77.92642140468227,94.38665454365675,21.07023411371237,5.560414463755596,0,0,1.003344481605351,.0529309925876561
2025m2,54,851,83168460,111,38151126,84,13860105,33,757537,1079,135937228,10.2873030583874,28.06525229424275,78.8693234476367,61.1815182813644,3.058387395736793,.5572697127530069,7.784986098239111,10.19595971163985
2025m2,55,744,94842505,96,5248039,58,11877577,3,939698,901,112907819,10.65482796892342,4.648074018682443,82.57491675915649,83.99994423769712,.3329633740288568,.8322700839700039,6.437291897891232,10.51971165965043
2025m2,56,443,95635575,426,122131764,30,1367604,48,3007856,947,222142799,44.98416050686378,54.97894352181994,46.77930306230201,43.05139551248745,5.068637803590286,1.354019132531053,3.167898627243928,.6156418331615602
2025m2,57,453,134891005,241,124345484,26,3506459,1,28619,721,262771567,33.42579750346741,47.32075293366881,62.82940360610264,51.33394245808947,.1386962552011096,.0108912087889631,3.606102635228849,1.334413399452765
2025m2,58,620,44569696,120,4096043,64,1661984,30,3938185,834,54265908,14.38848920863309,7.548096311223613,74.34052757793765,82.13203766902785,3.597122302158273,7.257199123987753,7.673860911270983,3.062666895760779
2025m2,59,532,169648347,210,41418488,40,7827248,4,225916,786,219119999,26.7175572519084,18.90219431773546,67.68447837150127,77.42257565453895,.5089058524173028,.1031014973672029,5.089058524173027,3.572128530358381
2025m2,60,381,46726244,21,1989011,43,8514108,2,111815,447,57341178,4.697986577181208,3.468730621474152,85.23489932885906,81.48811313224155,.4474272930648769,.1949994818732186,9.619686800894854,14.84815676441108
2025m2,61,7389,3098022891,110,5596699,979,204386090,119,3502267,8597,3311507947,1.279516110271025,.1690075666304901,85.94858671629638,93.55323739466176,1.384203792020472,.1057604890597595,11.38769338141212,6.171994549647988
2025m2,62,10292,2946438778,194,51874260,988,120443460,41,1057930,11515,3119814428,1.684759009986974,1.662735434980814,89.37907077724707,94.4427576062226,.3560573165436387,.0339100297282169,8.580112896222317,3.860596929068373
2025m2,63,2012,1289347342,287,52980810,158,10238838,8,89877,2465,1352656867,11.64300202839757,3.916795995536094,81.62271805273834,95.31961678201424,.3245436105476673,.0066444788913344,6.40973630831643,.7569427435583336
2025m2,64,2198,2386056601,138,13312846,202,20096383,12,363803,2550,2419829633,5.411764705882352,.5501563340843674,86.19607843137254,98.60432191012846,.4705882352941176,.015034240222481,7.92156862745098,.830487515564696
2025m2,65,512,216012354,223,29299784,57,1614672,35,3135866,827,250062676,26.96493349455865,11.71697610722202,61.9105199516324,86.38328496492616,4.232164449818621,1.254032009159176,6.892382103990327,.6457069186926561
2025m2,66,74,74254002,10,415391,12,451193,0,0,96,75120586,10.41666666666667,.5529656012001823,77.08333333333334,98.8464094249744,0,0,12.5,.6006249738254172
2025m2,67,71,149538686,85,37316143,5,472850,0,0,161,187327679,52.79503105590062,19.92025054663705,44.09937888198758,79.82733080251317,0,0,3.105590062111801,.2524186508497764
2025m2,68,382,299840926,668,436250460,59,7001556,24,11863457,1133,754956399,58.95851721094439,57.78485493703326,33.71579876434245,39.71632353830807,2.118270079435128,1.571409556328563,5.207413945278023,.9274119683301074
2025m2,69,836,458763136,277,72219616,98,31964850,4,179991,1215,563127593,22.79835390946502,12.82473402080299,68.80658436213992,81.46699641478943,.3292181069958848,.0319627385049839,8.065843621399177,5.676306825902598
2025m2,70,1499,531634303,401,138158760,127,29372064,42,7395337,2069,706560464,19.38134364427259,19.55370658837203,72.45045915901402,75.24257725804483,2.029966167230546,1.046667253094422,6.138231029482842,4.157048900488721
2025m2,71,792,1126752404,678,30773534411,108,151390823,5,79710,1583,32051757348,42.83006948831333,96.01200357558629,50.03158559696779,3.515415369479915,.3158559696778269,.0002486915120895,6.82248894504106,.47233236342171
2025m2,72,397,307354732,1356,1601899151,219,211309184,191,129403812,2163,2249966879,62.69070735090153,71.1965658673147,18.3541377716135,13.66041139843819,8.830328247803976,5.751365195985181,10.124826629681,9.391657538261921
2025m2,73,2291,2129958606,1882,1186589317,1071,461418374,148,102726849,5392,3880693146,34.90356083086053,30.57673648386937,42.48887240356083,54.88603519697097,2.744807121661721,2.647126302832912,19.86275964391691,11.89010201632675
2025m2,74,786,357703009,227,292959398,114,596920589,9,5734919,1136,1253317915,19.98239436619718,23.37470760561178,69.19014084507043,28.54048479790541,.7922535211267605,.4575789535410894,10.03521126760563,47.62722864294172
2025m2,75,170,110695496,54,162564313,11,4945470,2,617825,237,278823104,22.78481012658228,58.30374551744464,71.72995780590718,39.70097686022461,.8438818565400843,.2215831439850838,4.641350210970464,1.773694478345668
2025m2,76,1178,1118546043,104,906275483,174,162602194,30,51564007,1486,2238987727,6.998654104979811,40.47701879162645,79.27321668909825,49.95766745442281,2.018842530282638,2.303005343807317,11.7092866756393,7.26230841014342
2025m2,78,25,3676182,19,58802451,3,4154530,4,1243413,51,67876576,37.25490196078432,86.6314337953641,49.01960784313725,5.415980322873092,7.84313725490196,1.83187348754893,5.88235294117647,6.120712394213874
2025m2,79,60,94973930,12,10709340,10,52743227,8,4445935,90,162872432,13.33333333333333,6.575293233172818,66.66666666666666,58.3118510810964,8.888888888888889,2.729703821208981,11.11111111111111,32.3831518645218
2025m2,80,41,6482299,27,66413531,5,536144,1,723952,74,74155926,36.48648648648648,89.55930372981925,55.4054054054054,8.741444345257046,1.351351351351351,.9762564356623368,6.756756756756757,.7229954892613707
2025m2,81,284,163770861,114,101803517,36,17818655,8,922728,442,284315761,25.79185520361991,35.80649790287215,64.25339366515837,57.60175251065311,1.809954751131222,.3245433868156187,8.144796380090497,6.267206199659118
2025m2,82,1471,711269213,604,178226423,102,11159414,235,31650702,2412,932305752,25.04145936981758,19.11673532182605,60.98673300165838,76.29141099625008,9.742951907131012,3.394884342620681,4.228855721393035,1.196969339303186
2025m2,83,1179,1070328639,274,90686077,134,49646251,11,981047,1598,1211642014,17.14643304130163,7.48456028696278,73.77972465581978,88.33703574428874,.6883604505632041,.0809683874167803,8.385481852315396,4.097435581331698
2025m2,84,8458,13960902833,11464,30067270740,549,374367484,58,23702800,20529,44426243857,55.84295387013493,67.67907464061351,41.20025330020946,31.42490028627585,.2825271567051488,.0533531488196369,2.67426567295046,.8426719242910133
2025m2,85,6008,18942813113,8128,19967708699,502,872060397,20,5039370,14658,39787621579,55.4509482876245,50.18573090465654,40.98785646063583,47.60981521699719,.1364442625187611,.0126656728902333,3.424750989220903,2.191788205456029
2025m2,86,181,101384194,81,56101619,8,11604175,3,134112,273,169224100,29.67032967032967,33.15226318237178,66.30036630036629,59.91120295513465,1.098901098901099,.0792511232147194,2.93040293040293,6.857282739278861
2025m2,87,2180,23511007378,1067,1490934053,135,2170267955,16,311983501,3398,27484192887,31.40082401412596,5.424696512391349,64.15538552089465,85.54374317872251,.4708652148322542,1.135137940134192,3.972925250147145,7.896422368751948
2025m2,88,34,37385349,411,2400803228,5,2281261,0,0,450,2440469838,91.33333333333333,98.3746322375159,7.555555555555555,1.531891458680671,0,0,1.111111111111111,.0934763038034318
2025m2,89,142,180613236,81,26777948,17,28662918,2,43408,242,236097510,33.47107438016529,11.34190191162965,58.67768595041323,76.49942432683852,.8264462809917356,.0183856238043341,7.024793388429752,12.1402881377275
2025m2,90,1705,1824961115,5273,8129452120,129,12349245,36,30044756,7143,9996807236,73.82052358952821,81.32048491166886,23.86952260954781,18.25543968106179,.5039899202015961,.3005435164519761,1.805963880722386,.1235318908173854
2025m2,91,223,60023671,124,111310489,8,295076,485,382219983,840,553849219,14.76190476190476,20.09761595420792,26.54761904761905,10.83754728559074,57.73809523809523,69.01155944394317,.9523809523809524,.0532773162581638
2025m2,92,372,141186489,102,7366621,22,2055230,6,593555,502,151201895,20.31872509960159,4.872042774331631,74.10358565737052,93.37613725013169,1.195219123505976,.3925579107325342,4.382470119521913,1.359262064804148
2025m2,93,166,72381811,221,172502784,15,4600443,31,56755660,433,306240698,51.03926096997691,56.32915060819251,38.33718244803695,23.63559496589183,7.159353348729793,18.53302332794448,3.464203233256351,1.502231097971178
2025m2,94,1783,2102564734,3014,3257059413,181,25334553,4,2536261,4982,5387494961,60.49779205138499,60.45591571923142,35.78883982336411,39.02676010317293,.0802890405459655,.0470768143331912,3.633079084704938,.4702473632624526
2025m2,95,488,1926762978,800,577654582,46,3607038,3,241746,1337,2508266344,59.83545250560957,23.03003360794606,36.49962602842184,76.8165224003819,.2243829468960359,.0096379716842383,3.44053851907255,.143806019987804
2025m2,96,588,480456239,284,161167869,81,13210584,116,45274128,1069,700108820,26.56688493919551,23.02040259969872,55.00467726847521,68.62593717930878,10.85126286248831,6.466727272483156,7.577174929840973,1.886932948509347
2025m2,97,16,6867413,631,611141164,6,774423,0,0,653,618783000,96.63093415007657,98.76502166349108,2.450229709035222,1.109825738586872,0,0,.9188361408882083,.1251525979220502
2025m2,98,1,28362614,2003,8236747568,0,0,6,187411826,2010,8452522008,99.65174129353234,97.44721824094894,.0497512437810945,.3355520869765951,.2985074626865672,2.21722967207446,0,0
2025m2,99,0,0,224,1998145373,0,0,0,0,224,1998145373,100,100,0,0,0,0,0,0
2025m3,01,17,22462564,168,169591027,18,10527235,17,307594877,220,510175703,76.36363636363637,33.24169026528494,7.727272727272727,4.402907443046146,7.727272727272727,60.29194945804779,8.181818181818182,2.063452833621126
2025m3,02,92,615299291,150,274369624,41,323119683,64,338736049,347,1551524647,43.22766570605187,17.68387144416404,26.51296829971182,39.65771940456966,18.44380403458213,21.83246329054288,11.81556195965418,20.82594586072341
2025m3,03,124,166194661,1481,1503501512,59,27195982,21,7959229,1685,1704851384,87.89317507418397,88.18959389131129,7.359050445103859,9.748337160630772,1.246290801186944,.4668576437041506,3.501483679525223,1.595211304353787
2025m3,04,260,142681055,94,63678658,38,9788311,218,165676928,610,381824952,15.40983606557377,16.67744804692596,42.62295081967213,37.36818514678946,35.73770491803279,43.39080699995741,6.229508196721312,2.563559806327167
2025m3,05,46,21116603,151,66222351,8,9909211,3,5924178,208,103172343,72.59615384615384,64.18614628147003,22.11538461538461,20.4673097324154,1.442307692307692,5.742021386487268,3.846153846153846,9.604522599627305
2025m3,06,164,165632463,122,22384486,105,44003955,29,29833415,420,261854319,29.04761904761905,8.548450178513191,39.04761904761905,63.2536685407889,6.904761904761905,11.39313459252127,25,16.80474668817664
2025m3,07,389,591534652,302,60574016,235,70974219,395,546016169,1321,1269099056,22.86146858440575,4.772993543224257,29.44738834216503,46.61059743156881,29.90158970476912,43.02392050632807,17.7895533686601,5.59248851887886
2025m3,08,247,938642357,265,646723048,153,473426590,162,461400870,827,2520192865,32.04353083434099,25.66164903415041,29.86698911729141,37.24486209113999,19.58887545344619,18.30815714177494,18.5006045949214,18.78533173293465
2025m3,09,146,78751502,663,1231313166,65,59867678,60,31854300,934,1401786646,70.98501070663812,87.83884263083499,15.63169164882227,5.617937809916902,6.423982869379015,2.272407152036744,6.9593147751606,4.270812407211362
2025m3,10,112,155972450,74,66096119,21,57817734,78,20317177,285,300203480,25.96491228070175,22.01710619743649,39.29824561403509,51.95557693068714,27.36842105263158,6.767801958858039,7.368421052631578,19.25951491301833
2025m3,11,171,91981079,122,18384579,54,17325166,114,88372695,461,216063519,26.46420824295011,8.508876965944445,37.09327548806942,42.57131394772849,24.72885032537961,40.90125691232493,11.71366594360087,8.018552174002128
2025m3,12,80,20446364,484,109906988,29,38069970,151,67255200,744,235678522,65.05376344086021,46.6342826097662,10.75268817204301,8.675531323978687,20.29569892473118,28.5368388384581,3.897849462365591,16.15334722779702
2025m3,13,53,67056498,123,96292980,13,2666965,4,2469504,193,168485947,63.73056994818653,57.15193564481672,27.46113989637306,39.79946054492011,2.072538860103627,1.465703249422933,6.735751295336788,1.582900560840246
2025m3,14,11,1612255,38,5936014,2,1102680,3,7422515,54,16073464,70.37037037037037,36.93052101276987,20.37037037037037,10.03053853232881,5.555555555555555,46.17868929808782,3.703703703703703,6.86025115681349
2025m3,15,214,671335203,162,356291453,44,97894021,180,252984755,600,1378505432,27,25.84621320520121,35.66666666666667,48.70022180659786,30,18.35210432453341,7.333333333333333,7.101460663667519
2025m3,16,251,182442768,455,294643933,41,11317486,40,90112936,787,578517123,57.81448538754766,50.93089232555006,31.89326556543837,31.53627796769639,5.082592121982211,15.57653739490093,5.209656925031767,1.956292311852626
2025m3,17,286,346539054,73,127089588,92,52599191,59,81500473,510,607728306,14.31372549019608,20.91223771301513,56.07843137254902,57.02203609387252,11.56862745098039,13.41067582262657,18.03921568627451,8.655050370485789
2025m3,18,231,424914693,99,962028191,61,14080099,61,150622147,452,1551645130,21.90265486725664,62.00052914160856,51.10619469026548,27.38478565649866,13.49557522123894,9.707254841189105,13.49557522123894,.9074303607036747
2025m3,19,333,747395305,599,396748867,125,152937089,45,49380989,1102,1346462250,54.3557168784029,29.46602231143131,30.21778584392015,55.50807718523115,4.083484573502722,3.667461824496008,11.34301270417423,11.35843867884153
2025m3,20,1095,850668227,409,132296482,391,83208249,392,378465784,2287,1444638742,17.88369042413642,9.157755371896291,47.87931788369043,58.88449494454995,17.14035854831657,26.19795337040739,17.09663314385658,5.759796313146364
2025m3,21,605,635154193,212,97595423,273,236141456,130,50723650,1220,1019614722,17.37704918032787,9.57179421738479,49.59016393442623,62.2935486606283,10.65573770491803,4.974785956454638,22.37704918032787,23.15987116553227
2025m3,22,61,447649882,519,642220665,37,545999596,560,958975320,1177,2594845463,44.09515717926933,24.74986176084275,5.182667799490229,17.25150450703353,47.5785896346644,36.9569338010323,3.143585386576041,21.04169993109143
2025m3,23,63,224793431,185,221468064,7,15636775,16,28372133,271,490270403,68.26568265682657,45.1726358851811,23.24723247232472,45.85090791213844,5.904059040590406,5.787037689077063,2.583025830258303,3.1894185136034
2025m3,24,30,69009648,60,128494813,3,123792,62,143436394,155,341064647,38.70967741935484,37.67462096415991,19.35483870967742,20.23359753261088,40,42.0554857449063,1.935483870967742,.0362957583229082
2025m3,25,92,81295675,418,293762067,43,38822036,11,7240614,564,421120392,74.11347517730496,69.75726480611749,16.31205673758866,19.3046161013262,1.950354609929078,1.719369125207311,7.624113475177305,9.218749967349005
2025m3,26,10,3840045,84,314219571,12,55066104,4,9511895,110,382637615,76.36363636363637,82.11936272914517,9.090909090909092,1.003572270332074,3.636363636363636,2.48587557185145,10.90909090909091,14.3911894286713
2025m3,27,225,10311139710,247,1090923714,43,1879137562,123,5119465001,638,18400665987,38.71473354231975,5.928718638611958,35.26645768025078,56.03677452373073,19.27899686520376,27.82217233124542,6.739811912225706,10.21233450641191
2025m3,28,899,537391424,472,1366840063,110,74451161,24,23956961,1505,2002639609,31.36212624584718,68.25192395363234,59.73421926910299,26.83415536100085,1.59468438538206,1.19626920851539,7.308970099667775,3.71765147685142
2025m3,29,3011,2503297336,674,18074486581,452,537073618,50,80621346,4187,21195478881,16.09744447098161,85.27519799140886,71.91306424647719,11.81052501835191,1.19417243850012,.3803704858599368,10.79531884404108,2.533906504379301
2025m3,30,165,777999147,1100,30784585764,39,65565495,13,8788650,1317,31636939056,83.52315869400152,97.30582882720967,12.52847380410023,2.459147977694293,.9870918754745633,.0277797102445447,2.96127562642369,.2072434848515011
2025m3,31,20,13703605,203,701476410,17,280829918,3,19648949,243,1015658882,83.53909465020575,69.06614242556292,8.230452674897119,1.349233019359348,1.234567901234568,1.934601207967381,6.995884773662551,27.65002334711035
2025m3,32,976,441849320,112,23717283,96,12247645,32,4974287,1216,482788535,9.210526315789473,4.912561355666824,80.26315789473685,91.52025948586372,2.631578947368421,1.030324177022969,7.894736842105263,2.536854981446484
2025m3,33,292,438352053,787,1545217463,49,36201811,11,607689,1139,2020379016,69.09569798068482,76.48156364538286,25.63652326602283,21.69652572752716,.9657594381035997,.030077970281196,4.302019315188762,1.791832656808786
2025m3,34,439,298783763,376,193410578,87,21439128,4,5706835,906,519340304,41.50110375275938,37.24158832086331,48.45474613686534,57.53140295462222,.4415011037527594,1.09886233670784,9.602649006622517,4.128146387806635
2025m3,35,187,144746118,79,130981577,28,35047808,40,47002320,334,357777823,23.65269461077844,36.60975291920204,55.98802395209581,40.45698438944328,11.97604790419162,13.13729274941672,8.383233532934131,9.795969941937962
2025m3,36,60,90535592,33,36655851,13,3998711,2,3533483,108,134723637,30.55555555555556,27.20818099647948,55.55555555555556,67.20097082889768,1.851851851851852,2.622763962347602,12.03703703703704,2.968084212275237
2025m3,37,63,16973014,62,113347655,14,9381515,2,105987,141,139808171,43.97163120567376,81.07369847503405,44.68085106382978,12.14021603930431,1.418439716312057,.0758088738604556,9.929078014184398,6.710276611801181
2025m3,38,876,959100181,433,1052976623,114,59220879,40,46693270,1463,2117990953,29.59671907040328,49.71582251135329,59.87696514012304,45.28348809240641,2.734107997265892,2.204601957050947,7.792207792207792,2.796087439189359
2025m3,39,5333,5890931512,300,84528699,557,180517748,24,62580532,6214,6218558491,4.82780817508851,1.359297321434489,85.82233665915673,94.73146422158499,.3862246540070808,1.006351103564783,8.963630511747667,2.902887353415745
2025m3,40,2216,2464632698,761,684525741,158,59582166,20,20921934,3155,3229662539,24.12044374009509,21.19496178730641,70.2377179080824,76.31239079124111,.6339144215530903,.6478055755781239,5.007923930269413,1.84484184587435
2025m3,41,227,24852465,82,5288511,34,2540533,7,2419400,350,35100909,23.42857142857143,15.06659271986375,64.85714285714286,70.80290997592114,2,6.892698989647249,9.714285714285714,7.237798314567864
2025m3,42,1960,1151952700,129,18187498,227,14935275,24,25082185,2340,1210157658,5.512820512820513,1.502903186189646,83.76068376068376,95.19029957665235,1.025641025641026,2.072637795099587,9.700854700854702,1.234159442058417
2025m3,43,117,4243303,34,1956513,14,338263,2,6798,167,6544877,20.35928143712575,29.8938085467458,70.05988023952095,64.83396097436209,1.197604790419162,.1038674981974451,8.383233532934131,5.168362980694671
2025m3,44,1015,1165909377,1119,682411466,222,229039725,63,144731908,2419,2222092476,46.25878462174452,30.71030901596015,41.95948739148408,52.46898540868828,2.60438197602315,6.513316145173789,9.177346010748243,10.30738943017779
2025m3,45,11,1339721,58,29563065,3,96413,0,0,72,30999199,80.55555555555556,95.36718997158604,15.27777777777778,4.321792314698196,0,0,4.166666666666666,.3110177137157641
2025m3,46,174,46710712,56,3413789,23,495721,4,235303,257,50855525,21.78988326848249,6.712720004365308,67.70428015564202,91.84982752611441,1.556420233463035,.4626891571761377,8.949416342412452,.9747633123441356
2025m3,47,8,137439262,48,232901884,2,23581674,3,4530756,61,398453576,78.68852459016394,58.45144780429828,13.11475409836066,34.49316815768771,4.918032786885246,1.137085038985822,3.278688524590164,5.918298999028183
2025m3,48,240,557322610,2067,996787130,92,161501642,22,48861262,2421,1764472644,85.37794299876084,56.49207049990399,9.913258983890955,31.58578920988927,.9087154068566707,2.769170843546385,3.800082610491532,9.152969446660347
2025m3,49,94,218269022,749,157638748,26,17083645,3,442229,872,393433644,85.89449541284404,40.06742951550935,10.77981651376147,55.47797584895917,.3440366972477065,.1124024360255271,2.981651376146789,4.342192199505948
2025m3,50,51,1357727,60,2865409,3,514069,0,0,114,4737205,52.63157894736842,60.48733377592905,44.73684210526316,28.66092980987735,0,0,2.631578947368421,10.8517364141936
2025m3,51,304,18255700,26,1840527,29,3390129,26,702331,385,24188687,6.753246753246753,7.609040540315397,78.96103896103897,75.47205848750698,6.753246753246753,2.903551565242049,7.532467532467532,14.01534940693556
2025m3,52,1180,51853244,100,6004609,37,3229101,7,1105033,1324,62191987,7.552870090634441,9.654956031554354,89.12386706948641,83.37608508954698,.5287009063444109,1.776809285736441,2.794561933534743,5.192149593162219
2025m3,53,58,1808923,242,20642479,5,127357,0,0,305,22578759,79.34426229508198,91.42432938851954,19.01639344262295,8.011613924396819,0,0,1.639344262295082,.5640566870836435
2025m3,54,907,97301851,92,46912390,79,9068037,33,1178036,1111,154460314,8.280828082808281,30.37180799723093,81.63816381638163,62.9947256225311,2.97029702970297,.7626787551396536,7.110711071107111,5.870787625098315
2025m3,55,710,110747194,96,8201362,65,15055669,2,299146,873,134303371,10.99656357388316,6.106594301344826,81.32875143184421,82.46047226915846,.2290950744558992,.2227390107728569,7.445589919816724,11.21019441872386
2025m3,56,506,111912306,384,130435237,50,6236039,52,4375329,992,252958911,38.70967741935484,51.56380397289107,51.00806451612904,44.24129814505724,5.241935483870968,1.72965996046686,5.040322580645161,2.465237921584822
2025m3,57,457,160112795,234,145021000,36,349530,2,164041,729,305647366,32.09876543209877,47.44716170725973,62.68861454046639,52.38481099817493,.2743484224965706,.0536700191946035,4.938271604938271,.114357275370729
2025m3,58,645,48774185,104,4881791,53,1289363,36,2978142,838,57923481,12.41050119331742,8.42800003680718,76.9689737470167,84.20451284687121,4.295942720763723,5.141510745875235,6.324582338902148,2.225976370446383
2025m3,59,552,192540526,194,44766164,39,6026983,11,5035108,796,248368781,24.37185929648241,18.02407042453536,69.34673366834171,77.5220320463706,1.381909547738694,2.027270891183381,4.899497487437186,2.426626637910664
2025m3,60,407,55693023,27,2209615,53,13654490,6,313412,493,71870540,5.476673427991886,3.074437732066574,82.55578093306288,77.49075351319192,1.217038539553752,.436078537882142,10.75050709939148,18.99873021685937
2025m3,61,7616,3302141890,99,4490708,968,170634772,109,2349186,8792,3479616556,1.126023657870792,.129057553547288,86.62420382165605,94.89959128703489,1.239763421292084,.0675127837275413,11.01000909918107,4.903838375690267
2025m3,62,10847,3018717290,191,38542557,993,129568620,49,1868124,12080,3188696591,1.581125827814569,1.208724502318132,89.79304635761589,94.66931719123853,.4056291390728476,.0585858185840799,8.220198675496688,4.063372487859256
2025m3,63,2092,1252365965,265,42326955,190,12628646,8,72413,2555,1307393979,10.37181996086106,3.237505731239106,81.87866927592955,95.79101518869699,.3131115459882583,.0055387282764899,7.436399217221135,.9659403517874086
2025m3,64,2275,2290313232,153,15012709,207,15223498,19,2156206,2654,2322705645,5.764883195177091,.6463457404651031,85.71966842501884,98.60540171890786,.7159005275056519,.0928316510807808,7.799547852298418,.6554208895462516
2025m3,65,585,225683577,203,29453461,66,4048052,47,943769,901,260128859,22.53052164261931,11.32264259845156,64.92785793562707,86.75837731637458,5.216426193118757,.3628082649607132,7.32519422863485,1.556171820213151
2025m3,66,84,70162949,17,460116,11,171600,0,0,112,70794665,15.17857142857143,.6499303302021416,75,99.10767852351586,0,0,9.821428571428571,.2423911462819974
2025m3,67,71,121981576,80,41418969,10,390903,1,132470,162,163923918,49.38271604938272,25.26719072197871,43.82716049382716,74.4135312822379,.6172839506172839,.0808118800576741,6.172839506172839,.2384661157257112
2025m3,68,443,410514616,644,349112081,79,19237713,30,15780752,1196,794645162,53.84615384615385,43.93307827122969,37.04013377926421,51.66011644326854,2.508361204013378,1.98588662646385,6.605351170568562,2.420918659037906
2025m3,69,853,469958116,270,70865694,94,23355819,18,4578841,1235,568758470,21.86234817813765,12.45971668782357,69.06882591093118,82.62876788454685,1.45748987854251,.8050589558692638,7.611336032388665,4.106456471760324
2025m3,70,1603,573511390,364,91812221,153,69454038,50,19479011,2170,754256660,16.7741935483871,12.17254362725813,73.87096774193549,76.03663585814409,2.304147465437788,2.582544117011841,7.050691244239632,9.208276397585937
2025m3,71,836,1938673902,664,21067001700,135,535290776,8,293717,1643,23541260095,40.4138770541692,89.48969432810644,50.88253195374315,8.235217206625913,.4869141813755326,.001247668981247,8.216676810712112,2.273840796286398
2025m3,72,1166,1423882766,0,0,1136,1224986781,0,0,2302,2648869547,0,0,50.65160729800174,53.75435598980821,0,0,49.34839270199826,46.2456440101918
2025m3,73,4217,3652838901,0,0,1301,440353386,0,0,5518,4093192287,0,0,76.42261689017759,89.24181042267267,0,0,23.5773831098224,10.75818957732733
2025m3,74,876,1541478872,225,98648156,103,194454848,10,107228588,1214,1941810464,18.5337726523888,5.080215491103667,72.15815485996706,79.38359075605435,.8237232289950577,5.522093427136872,8.484349258649095,10.01410032570512
2025m3,75,197,137418853,64,184959082,8,12999905,0,0,269,335377840,23.79182156133829,55.14946425798437,73.23420074349443,40.97433897242585,0,0,2.973977695167286,3.876196769589785
2025m3,76,1370,2302465558,0,0,218,472187385,0,0,1588,2774652943,0,0,86.272040302267,82.98211002600335,0,0,13.727959697733,17.01788997399665
2025m3,78,28,27387353,22,94471080,3,4600508,7,32504627,60,158963568,36.66666666666666,59.42939076455556,46.66666666666666,17.22869796178707,11.66666666666667,20.4478468928176,5,2.894064380839766
2025m3,79,71,148222391,8,451572,12,42429506,12,9479202,103,200582671,7.766990291262135,.2251301160507529,68.93203883495146,73.89591047972435,11.6504854368932,4.725832970885107,11.6504854368932,21.1531264333398
2025m3,80,42,6162822,22,80360244,6,1047932,1,898076,71,88469074,30.98591549295774,90.83427729784987,59.15492957746478,6.966074947274796,1.408450704225352,1.015129874649756,8.450704225352112,1.18451788022558
2025m3,81,315,202310497,111,105596325,43,26246584,16,2738220,485,336891626,22.88659793814433,31.34430091177155,64.94845360824742,60.05210025612213,3.298969072164949,.8127895704952903,8.865979381443299,7.790809261611033
2025m3,82,1571,777434545,582,155306310,122,7839020,235,39293141,2510,979873016,23.18725099601594,15.84963637778143,62.58964143426294,79.34033617678476,9.362549800796813,4.010023784551283,4.860557768924303,.8000036608825241
2025m3,83,1288,1160923282,221,49138499,117,23999318,17,1401870,1643,1235462969,13.45100426049909,3.977334831797779,78.39318320146074,93.96665955432614,1.034692635423007,.1134692042720384,7.121119902617163,1.942536409604034
2025m3,84,9853,26201076838,10011,23545030784,1149,1098045831,418,1720415869,21431,52564569322,46.71270589333209,44.79258764543065,45.97545611497363,49.84550844029076,1.950445616163501,3.272957224211384,5.361392375530773,2.088946690067204
2025m3,85,6912,21903521623,7460,19735224864,847,1244370737,40,68410785,15259,42951528009,48.88918015597352,45.94766654137359,45.2978570024248,50.9959078019538,.2621403761714398,.1592743917880298,5.550822465430238,2.897151264884585
2025m3,86,182,112630609,82,41063067,11,15197518,4,3245739,279,172136933,29.39068100358423,23.85488476200514,65.23297491039428,65.43082128691115,1.433691756272401,1.885556425011941,3.942652329749104,8.828737526071759
2025m3,87,2305,30958548390,988,1067659817,183,3545689191,22,484974964,3498,36056872362,28.24471126357919,2.96104389277312,65.8947970268725,85.86032665059136,.628930817610063,1.345027819193521,5.23156089193825,9.833601637441989
2025m3,88,107,1025749820,278,1154958861,87,843578903,1,6814,473,3024294398,58.7737843551797,38.18936614648982,22.6215644820296,33.9169963307256,.2114164904862579,.0002253087531593,18.39323467230444,27.89341221403142
2025m3,89,139,204015104,71,12315401,38,83822129,3,553390,251,300706024,28.28685258964144,4.095495273483447,55.37848605577689,67.84536647659576,1.195219123505976,.1840302341266033,15.1394422310757,27.87510801579419
2025m3,90,2080,4208829884,4984,6874154598,253,88971763,37,13034345,7354,11184990590,67.77264073973348,61.45874279184351,28.28392711449551,37.62926620396915,.5031275496328529,.1165342509242111,3.440304596138156,.7954567532631246
2025m3,91,228,69703830,109,137112249,24,398314,514,481537862,875,688752255,12.45714285714286,19.90733939593417,26.05714285714286,10.12030515965425,58.74285714285714,69.914524199997,2.742857142857143,.0578312444145827
2025m3,92,391,108562966,107,10122965,31,3413426,9,515141,538,122614498,19.88847583643123,8.255928267145048,72.67657992565056,88.54007296918509,1.672862453531598,.4201305786857277,5.762081784386617,2.783868184984128
2025m3,93,176,96396856,235,182287331,25,24177181,33,79637046,469,382498414,50.10660980810234,47.65701616739253,37.52665245202559,25.2018969155778,7.036247334754798,20.82022907420474,5.330490405117271,6.320857842824938
2025m3,94,2318,3565639390,2373,1688616466,493,105742394,27,139854671,5211,5499852921,45.53828439838802,30.70293861045598,44.48282479370562,64.83154079239786,.5181347150259068,2.542880200777645,9.460756092880446,1.92264039636852
2025m3,95,569,1794915004,680,664811777,126,33216652,5,5910331,1380,2498853764,49.27536231884059,26.60466917182914,41.23188405797102,71.82953359890971,.3623188405797101,.2365216838675318,9.130434782608695,1.32927554539362
2025m3,96,659,567056756,278,71024401,95,15049447,124,51245938,1156,704376542,24.04844290657439,10.08330016191823,57.00692041522492,80.50477581066293,10.72664359861592,7.275361251312086,8.217993079584774,2.13656277610676
2025m3,97,39,36541965,614,929907439,11,755295,1,15254,665,967219953,92.33082706766918,96.14229277588115,5.864661654135339,3.778040856855648,.1503759398496241,.001577097324418,1.654135338345865,.0780892699387892
2025m3,98,1,30580064,2019,9859752016,0,0,14,284910935,2034,10175243015,99.26253687315634,96.89942541387056,.0491642084562439,.3005339917181329,.688298918387414,2.800040594411297,0,0
2025m3,99,0,0,204,2139236866,0,0,0,0,204,2139236866,100,100,0,0,0,0,0,0
2025m4,01,62,18300567,40,228377698,24,27070279,76,13362217,202,287110761,19.8019801980198,79.54341286427784,30.69306930693069,6.374044266491287,37.62376237623762,4.65402862416571,11.88118811881188,9.428514245065164
2025m4,02,146,984303820,100,276838938,78,186410687,2,25758136,326,1473311581,30.67484662576687,18.79025058719063,44.78527607361963,66.80893795268416,.6134969325153374,1.748315585934433,23.92638036809816,12.65249587419078
2025m4,03,775,1154086753,193,133249944,598,523314918,39,40059669,1605,1850711284,12.02492211838006,7.199931461594741,48.28660436137071,62.35909204085234,2.429906542056075,2.164555289975743,37.25856697819314,28.27642120757719
2025m4,04,488,300471961,41,26251989,61,10639293,9,19093518,599,356456761,6.844741235392321,7.364705027996369,81.46911519198665,84.29408384822304,1.502504173622704,5.356475199526374,10.18363939899833,2.984735924254219
2025m4,05,118,72536483,26,4878620,93,19185560,7,1109278,244,97709941,10.65573770491803,4.992961770389361,48.36065573770492,74.23654364912574,2.868852459016393,1.135276501702114,38.11475409836066,19.63521807878279
2025m4,06,307,384479356,40,32093865,64,8107078,15,16846622,426,441526921,9.389671361502346,7.268835369610452,72.06572769953051,87.0794820685464,3.52112676056338,3.815536765424095,15.02347417840376,1.836145796419059
2025m4,07,800,285736800,238,413997500,234,376120617,17,55541204,1289,1131396121,18.46392552366175,36.59173761653722,62.06361520558572,25.25523949538095,1.318851823118697,4.909085595141438,18.15360744763382,33.24393729294039
2025m4,08,532,1067745225,94,433688136,172,468030513,11,126026929,809,2095490803,11.61928306551298,20.69625575922893,65.7601977750309,50.95442191735546,1.359703337453646,6.014196236011827,21.26081582200247,22.33512608740378
2025m4,09,505,1355630654,20,16459051,410,153529130,9,9939075,944,1535557910,2.11864406779661,1.071861301538279,53.4957627118644,88.28261345089878,.9533898305084746,.6472614894738812,43.43220338983051,9.99826375808907
2025m4,10,202,185992822,42,22638762,48,47161728,3,1186100,295,256979412,14.23728813559322,8.80956253413795,68.47457627118644,72.37654586897413,1.016949152542373,.4615544843724679,16.27118644067797,18.35233711251546
2025m4,11,316,90975898,31,55522614,135,42834640,1,1539206,483,190872358,6.418219461697723,29.08887100352163,65.42443064182196,47.6632127109783,.2070393374741201,.8064059228523808,27.95031055900621,22.44151036264769
2025m4,12,366,79084448,126,30610793,166,69485244,81,33307840,739,212488325,17.05006765899865,14.40587053429877,49.52638700947226,37.21825563828036,10.96075778078484,15.675138857629,22.46278755074425,32.70073496979187
2025m4,13,66,74896125,40,10668612,11,3608066,55,82258889,172,171431692,23.25581395348837,6.223243716220219,38.37209302325581,43.68861097165161,31.97674418604651,47.98347845741382,6.395348837209303,2.104666854714355
2025m4,14,12,1838722,27,2296867,1,1204451,15,7759195,55,13099235,49.09090909090909,17.53435983093669,21.81818181818182,14.03686551161194,27.27272727272727,59.23395526532656,1.818181818181818,9.194819392124808
2025m4,15,397,647791446,77,109068597,81,295901003,24,131921195,579,1184682241,13.29879101899827,9.206569764052031,68.56649395509498,54.68060747270035,4.145077720207254,11.13557631189307,13.98963730569948,24.97724645135455
2025m4,16,389,284709230,67,28053628,307,193674646,15,52381872,778,558819376,8.611825192802057,5.020160217207644,50,50.94834614324468,1.928020565552699,9.373667816414439,39.46015424164525,34.65782582313323
2025m4,17,388,415761191,22,73101304,89,55991999,5,8753053,504,553607547,4.365079365079365,13.20453530594662,76.98412698412699,75.10034739464994,.992063492063492,1.581093510634529,17.65873015873016,10.11402378876891
2025m4,18,347,780215015,12,51844240,86,461584961,4,9786261,449,1303430477,2.67260579064588,3.977522462059171,77.28285077951003,59.85858308267867,.8908685968819599,.7508080540301806,19.15367483296214,35.41308640123197
2025m4,19,574,833599595,148,102482927,275,151999916,136,122219051,1133,1210301489,13.06266548984996,8.467553574991925,50.66195939982347,68.87536721852285,12.00353045013239,10.09823189600323,24.27184466019418,12.55884731048199
2025m4,20,1574,950841308,182,104476275,422,88045451,108,90305471,2286,1233668505,7.961504811898513,8.468747850541909,68.85389326334209,77.07429541617422,4.724409448818897,7.320075906452682,18.46019247594051,7.136880826831192
2025m4,21,891,946098581,47,31416521,275,65710840,22,7064118,1235,1050290060,3.805668016194332,2.991223300732752,72.14574898785425,90.07974244752921,1.781376518218623,.6725873422052571,22.26720647773279,6.256446909532781
2025m4,22,799,1933907891,42,74273102,320,389514065,11,49666083,1172,2447361141,3.583617747440273,3.03482394795448,68.17406143344709,79.02012737726966,.938566552901024,2.02937286892225,27.30375426621161,15.91567580585362
2025m4,23,136,286110734,32,18129370,112,130471147,0,0,280,434711251,11.42857142857143,4.170439563801398,48.57142857142857,65.81627076406173,0,0,40,30.01328967213687
2025m4,24,117,245609225,3,9605104,33,15094778,0,0,153,270309107,1.96078431372549,3.553377874168331,76.47058823529412,90.8623567018776,0,0,21.56862745098039,5.584265423954067
2025m4,25,187,193300898,95,84346881,267,133729102,11,10989587,560,422366468,16.96428571428572,19.97007039867568,33.39285714285714,45.76615632280733,1.964285714285714,2.60190801889131,47.67857142857143,31.66186525962568
2025m4,26,13,8064702,48,125645597,34,115338175,8,5126485,103,254174959,46.60194174757282,49.4327204750331,12.62135922330097,3.172893990709762,7.766990291262135,2.016911902009985,33.00970873786408,45.37747363224715
2025m4,27,206,9876005048,216,986483011,53,1383526983,140,4699514655,615,16945529697,35.12195121951219,5.821494096904181,33.4959349593496,58.28088719910849,22.76422764227642,27.73306434812712,8.617886178861788,8.164554355860217
2025m4,28,935,474814648,271,645859616,241,142796604,79,103230703,1526,1366701571,17.75884665792923,47.25681375542957,61.27129750982962,34.74164792629773,5.176933158584535,7.553273164416375,15.79292267365662,10.44826515385633
2025m4,29,2990,2080017540,420,2536601961,600,854899690,82,87533117,4092,5559052308,10.26392961876833,45.6301149990906,73.06940371456501,37.41676503037503,2.003910068426197,1.574605025285184,14.66275659824047,15.37851494524919
2025m4,30,244,826454918,814,11549723305,74,97657802,174,8810440831,1306,21284276856,62.32771822358346,54.26410952620245,18.68300153139357,3.882936327089844,13.32312404287902,41.39412811911603,5.66615620214395,.4588260275916794
2025m4,31,73,456740861,55,105871150,84,392677577,19,24576543,231,979866131,23.80952380952381,10.80465449825819,31.6017316017316,46.61257763179081,8.225108225108226,2.508153126480499,36.36363636363637,40.07461474347051
2025m4,32,1042,408652937,25,2598134,145,32437282,9,1076443,1221,444764796,2.047502047502047,.5841590933829214,85.33988533988534,91.88068405485942,.7371007371007371,.2420252253957617,11.87551187551188,7.293131626361903
2025m4,33,714,1967182368,60,4720100,243,37365364,121,36289108,1138,2045556940,5.272407732864675,.2307488932574031,62.74165202108964,96.16854605865922,10.63268892794376,1.774045360966583,21.35325131810194,1.826659687116801
2025m4,34,652,412168316,20,5041750,218,89874798,4,834340,894,507919204,2.237136465324385,.9926283472439842,72.93064876957494,81.14840170524444,.4474272930648769,.164266283580016,24.38478747203579,17.69470366393156
2025m4,35,252,232795961,11,2494189,54,37237207,30,77027631,347,349554988,3.170028818443804,.7135326588445078,72.62247838616715,66.59780835397491,8.645533141210375,22.03591241558825,15.56195965417868,10.65274657159233
2025m4,36,68,74019957,7,7200562,30,21123381,0,0,105,102343900,6.666666666666667,7.035653321790551,64.76190476190476,72.32473747824736,0,0,28.57142857142857,20.63960919996209
2025m4,37,106,130907438,3,580704,20,2472095,0,0,129,133960237,2.325581395348837,.4334898272835991,82.17054263565892,97.72111555759639,0,0,15.50387596899225,1.845394615120008
2025m4,38,1091,1691761560,98,49442557,211,110494900,68,176134837,1468,2027833854,6.67574931880109,2.438195659001953,74.31880108991825,83.42703011210307,4.632152588555858,8.685861351637145,14.3732970027248,5.448912877257843
2025m4,39,5593,5793556247,69,51410590,635,193479556,39,4172370,6336,6042618763,1.089015151515152,.8507998272999769,88.27335858585859,95.87823548417363,.615530303030303,.0690490359171448,10.02209595959596,3.201915652609243
2025m4,40,2582,2861665431,117,149198736,390,111405444,105,75533902,3194,3197803513,3.663118346900438,4.665663021303961,80.83907326236694,89.48846980017687,3.287413901064496,2.362055757739109,12.21039448966813,3.483811420780061
2025m4,41,274,27777769,22,3435842,77,3332019,3,54315,376,34599945,5.851063829787234,9.93019497574346,72.87234042553192,80.28269698116573,.7978723404255319,.1569800183208384,20.47872340425532,9.630128024769983
2025m4,42,2247,1178664682,8,199936,158,10411630,2,58360,2415,1189334608,.3312629399585921,.0168107443149422,93.04347826086956,99.10286592787016,.082815734989648,.0049069454136325,6.542443064182195,.8754163824012763
2025m4,43,136,5986676,5,19528,21,720352,0,0,162,6726556,3.08641975308642,.2903120110796669,83.95061728395061,89.00061190303032,0,0,12.96296296296296,10.70907608589001
2025m4,44,1048,880149039,916,604599200,325,369515031,107,92440065,2396,1946703335,38.23038397328882,31.05759306669087,43.73956594323873,45.21228392512104,4.465776293823039,4.748544030207869,13.56427378964942,18.98157897798023
2025m4,45,12,1363367,29,4234536,2,24248,36,20884792,79,26506943,36.70886075949367,15.9751956308202,15.18987341772152,5.14343355248472,45.56962025316456,78.78989289711757,2.531645569620253,.0914779195775235
2025m4,46,198,46966162,17,1309613,47,1674166,8,860338,270,50810279,6.296296296296296,2.577456817349891,73.33333333333333,92.43437139953512,2.962962962962963,1.693236126493224,17.40740740740741,3.294935656621763
2025m4,47,24,206514196,9,19869841,29,67532968,1,4345383,63,298262388,14.28571428571428,6.661866128423808,38.09523809523809,69.23910097574891,1.587301587301587,1.456899419714966,46.03174603174603,22.64213347611231
2025m4,48,1220,995071071,154,170510771,955,386350096,62,17545657,2391,1569477595,6.44081974069427,10.86417362969747,51.02467586783772,63.40141931111798,2.59305729820159,1.117929752925208,39.94144709326641,24.61647730625935
2025m4,49,94,198782839,469,39804660,27,7044623,279,99491128,869,345123250,53.97008055235904,11.53346232106936,10.81703107019563,57.59763765553321,32.10586881472958,28.82770952116381,3.107019562715765,2.041190502233623
2025m4,50,43,850761,10,109561,6,393892,58,3663728,117,5017942,8.547008547008547,2.183385140760894,36.75213675213676,16.95438089957995,49.57264957264957,73.01256172351135,5.128205128205128,7.849672236147807
2025m4,51,347,13989126,9,426249,53,2633251,2,64668,411,17113294,2.18978102189781,2.490747836155915,84.42822384428223,81.7442042426198,.4866180048661801,.3778816632262614,12.89537712895377,15.38716625799802
2025m4,52,1178,57152833,23,1368249,132,2116936,3,11941,1336,60649959,1.721556886227545,2.25597679299338,88.17365269461078,94.23391860825495,.2245508982035928,.0196883892369985,9.880239520958083,3.490416209514668
2025m4,53,214,19662449,3,64573,79,3170919,1,36524,297,22934465,1.01010101010101,.2815544203887032,72.05387205387206,85.73319238098644,.3367003367003367,.1592537693815836,26.5993265993266,13.82599942924328
2025m4,54,995,146119480,33,941531,147,16553411,6,232611,1181,163847033,2.79424216765453,.5746402499702268,84.2506350550381,89.18042476850954,.5080440304826418,.1419683931658378,12.44707874682472,10.10296658835439
2025m4,55,770,128111630,35,3866174,117,3630979,1,81573,923,135690356,3.791982665222102,2.849262183378751,83.42361863488624,94.41469075370397,.1083423618634886,.0601170211389231,12.67605633802817,2.675930041778356
2025m4,56,761,199217227,16,1683153,231,37584465,2,821207,1010,239306052,1.584158415841584,.703347443966858,75.34653465346534,83.24788501378978,.198019801980198,.3431618185736481,22.87128712871287,15.70560572366971
2025m4,57,646,286762222,5,89709,121,4846807,1,26553,773,291725291,.646830530401035,.0307511905095674,83.57050452781371,98.29871829659088,.129366106080207,.0091020562217898,15.65329883570505,1.661428456677759
2025m4,58,783,54444059,1,1980,93,1495861,1,5067,878,55946967,.1138952164009112,.0035390658442664,89.17995444191345,97.3136917323865,.1138952164009112,.0090567912287363,10.59225512528474,2.673712410540503
2025m4,59,708,229019285,19,3090987,96,16291732,5,1941962,828,250343966,2.294685990338164,1.234696026186627,85.50724637681159,91.48184741948204,.6038647342995169,.7757175181925495,11.59420289855072,6.507739036138782
2025m4,60,446,57902454,17,1755486,46,11203240,1,6998,510,70868178,3.333333333333333,2.477114622588435,87.45098039215686,81.70444850437667,.196078431372549,.0098746718167356,9.019607843137255,15.80856220121815
2025m4,61,7776,3248188744,51,1443769,674,87761792,13,331332,8514,3337725637,.5990133897110641,.0432560718590903,91.33192389006342,97.31742801123471,.1526896875734085,.009926879439312,7.916373032652102,2.629389037466892
2025m4,62,10573,3009908665,91,6071492,798,89224245,20,1746971,11482,3106951373,.7925448528130988,.1954163831710539,92.08326075596585,96.87659392279777,.1741856819369448,.0562278191793251,6.950008709284098,2.871761874851847
2025m4,63,2318,1289018518,20,917107,244,15199467,10,178096,2592,1305313188,.7716049382716049,.0702595368246597,89.42901234567901,98.75166587223664,.3858024691358025,.0136439286477201,9.413580246913581,1.164430662290987
2025m4,64,2516,2465613453,21,660370,221,12403772,5,679041,2763,2479356636,.760043431053203,.0266347321886451,91.06044154904089,99.44569559697663,.1809627216793341,.0273877904509741,7.998552298226564,.5002818803837464
2025m4,65,789,235810903,4,16041,108,6104402,0,0,901,241931346,.4439511653718091,.0066303934009444,87.56936736958934,97.47017362520688,0,0,11.98668146503885,2.523195981392175
2025m4,66,88,61225390,0,0,15,553122,0,0,103,61778512,0,0,85.43689320388349,99.10466927400259,0,0,14.5631067961165,.8953307259974147
2025m4,67,148,137215382,1,20631,27,5755210,0,0,176,142991223,.5681818181818182,.0144281582933241,84.09090909090909,95.96070242716925,0,0,15.34090909090909,4.024869414537422
2025m4,68,841,643254451,56,21155253,310,75853046,32,9586833,1239,749849583,4.519774011299435,2.821266221868393,67.87732041969331,85.78446472244022,2.58272800645682,1.278500811008653,25.02017756255044,10.11576824468275
2025m4,69,1025,522563046,46,9219228,189,43481356,4,1112803,1264,576376433,3.639240506329114,1.599515086349827,81.09177215189874,90.66349976873535,.3164556962025317,.1930687891258732,14.95253164556962,7.54391635578896
2025m4,70,1774,622877421,83,16052267,326,75394195,8,3516655,2191,717840538,3.788224554997718,2.236188422114439,80.96759470561388,86.7710010826945,.3651300775901415,.4898936203572276,14.87905066179827,10.50291687483384
2025m4,71,1034,1571205805,256,1670750928,175,1888732623,112,944341999,1577,6075031355,16.23335447051363,27.50193094270869,65.56753329105898,25.86333655227694,7.102092580849714,15.54464403254096,11.09701965757768,31.09008847247341
2025m4,72,1634,1763475356,0,0,592,442972161,0,0,2226,2206447517,0,0,73.40521114106021,79.92373906077368,0,0,26.5947888589398,20.07626093922632
2025m4,73,5039,3576514512,0,0,446,84317652,0,0,5485,3660832164,0,0,91.86873290793072,97.69676269704016,0,0,8.13126709206928,2.303237302959841
2025m4,74,879,2314217333,163,155492850,136,255701752,54,62616539,1232,2788028474,13.23051948051948,5.577161476292727,71.34740259740259,83.00551284111455,4.383116883116883,2.245907442622482,11.03896103896104,9.171418239970242
2025m4,75,207,165306560,14,43126863,28,108563482,11,4521545,260,321518450,5.384615384615385,13.41349555523174,79.61538461538461,51.41433096607675,4.230769230769231,1.406309653458456,10.76923076923077,33.76586382523305
2025m4,76,1436,1957125929,0,0,142,77081875,0,0,1578,2034207804,0,0,91.00126742712294,96.21071776204828,0,0,8.99873257287706,3.789282237951733
2025m4,78,32,8846118,8,14875756,17,31702405,2,10412895,59,65837174,13.5593220338983,22.59476690175067,54.23728813559322,13.43635739893696,3.389830508474576,15.81613299501586,28.8135593220339,48.15274270429651
2025m4,79,82,44711482,8,7362039,16,118273493,7,1625078,113,171972092,7.079646017699115,4.280949841559176,72.56637168141593,25.99926620651914,6.194690265486726,.9449661169441378,14.15929203539823,68.77481783497755
2025m4,80,50,6467368,23,90354757,8,1384188,1,13960,82,98220273,28.04878048780488,91.9919627997776,60.97560975609756,6.584555105034172,1.219512195121951,.0142129517396068,9.75609756097561,1.409269143448624
2025m4,81,317,224030539,94,86773139,61,32172698,21,8136476,493,351112852,19.06693711967545,24.71374616614717,64.30020283975659,63.80584980694469,4.259634888438134,2.317339269597571,12.37322515212982,9.163064757310565
2025m4,82,2202,918071313,21,3634486,290,27753197,5,106459,2518,949565455,.8339952343129466,.3827525507443824,87.450357426529,96.68331005154353,.1985702938840349,.0112113387696902,11.51707704527403,2.922726058942403
2025m4,83,1449,1128191466,16,1530215,176,49197772,16,1132342,1657,1180051795,.9656004828002415,.1296735453887429,87.44719372359685,95.60524976787141,.9656004828002415,.0959569744987338,10.62160531080266,4.169119712241105
2025m4,84,14068,28969818917,1404,612177523,2915,1582332936,3025,19302844228,21412,50467173604,6.557070801419765,1.213021216134599,65.70147580795816,57.4032917799539,14.12759200448347,38.24831637979835,13.61386138613861,3.135370624113146
2025m4,85,10051,24120910059,1047,1121595434,1546,1196755934,2463,12263597978,15107,38702859405,6.93056199112994,2.897965295698802,66.53207122525981,62.32332812051564,16.30370027139736,31.68654245845121,10.23366651221288,3.092164125334346
2025m4,86,215,129023927,5,5543244,51,35311829,1,164803,272,170043803,1.838235294117647,3.259891805642573,79.04411764705883,75.87687685390098,.3676470588235294,.0969179688365356,18.75,20.7663133716199
2025m4,87,2872,24394623499,53,126972942,579,1090375139,6,70684945,3510,25682656525,1.50997150997151,.4943917770983,81.82336182336184,94.98481387723189,.1709401709401709,.275224429884011,16.49572649572649,4.245569915785804
2025m4,88,188,1336004102,80,491895156,33,65898195,169,357736889,470,2251534342,17.02127659574468,21.84710873932564,40,59.33749608337087,35.95744680851064,15.8885823914295,7.021276595744681,2.926812785873998
2025m4,89,182,190318239,9,1701436,78,21871372,5,2716613,274,216607660,3.284671532846716,.7854920735490147,66.42335766423358,87.86311573653489,1.824817518248175,1.25416294142137,28.46715328467153,10.09722924849472
2025m4,90,4685,9251106107,270,49610543,820,341837276,1441,947034989,7216,10589588915,3.741685144124168,.4684841252876906,64.92516629711751,87.36038935275326,19.96951219512195,8.943076040076859,11.36363636363636,3.228050481882185
2025m4,91,731,1259908348,7,73182,82,1984877,11,539559,831,1262505966,.842358604091456,.0057965666674719,87.96630565583634,99.7942490514932,1.323706377858002,.0427371445783726,9.867629362214201,.1572172372609604
2025m4,92,456,105932449,8,1085414,56,7075370,1,28495,521,114121728,1.535508637236084,.9511019671906826,87.52399232245681,92.8240842970762,.1919385796545106,.0249689524504922,10.74856046065259,6.199844783282637
2025m4,93,328,293272689,15,8704517,105,43905555,0,0,448,345882761,3.348214285714286,2.516609088823597,73.21428571428571,84.78962297863697,0,0,23.4375,12.69376793253943
2025m4,94,3977,5180217238,95,7465825,1142,80422285,125,65462683,5339,5333568031,1.779359430604982,.1399780589017859,74.48960479490542,97.1247991567992,2.341262408690766,1.227371294778934,21.38977336579884,1.507851489520074
2025m4,95,1012,2285821834,20,5635683,336,66614896,4,261701,1372,2358334114,1.457725947521866,.2389688113547765,73.76093294460642,96.92527536409966,.2915451895043732,.0110968585174781,24.48979591836735,2.824658966028085
2025m4,96,902,618339656,32,15988682,185,41344338,7,789544,1126,676462220,2.841918294849023,2.363573534084431,80.10657193605684,91.40786251152355,.6216696269982238,.1167166438356306,16.42984014209591,6.111847310556382
2025m4,97,29,21670175,250,47240443,18,1216578,389,1250017636,686,1320144832,36.44314868804665,3.578428809847434,4.227405247813411,1.641499816892818,56.70553935860059,94.68791648460584,2.623906705539359,.092154888653914
2025m4,98,1,33170760,1998,8914308181,0,0,77,681033609,2076,9628512550,96.24277456647398,92.5824018477288,.0481695568400771,.344505548782818,3.709055876685934,7.073092603488377,0,0
2025m4,99,0,0,203,2197209346,0,0,0,0,203,2197209346,100,100,0,0,0,0,0,0
2025m5,01,70,36532955,33,160715379,16,18401325,83,22640777,202,238290436,16.33663366336634,67.44516552901015,34.65346534653465,15.33127204484195,41.08910891089108,9.50133684761062,7.920792079207921,7.722225578537277
2025m5,02,175,1089909559,102,325624328,35,151500038,0,0,312,1567033925,32.69230769230769,20.77966040205543,56.08974358974359,69.55239076907668,0,0,11.21794871794872,9.667948828867887
2025m5,03,1139,1606091049,197,225503692,219,105733385,47,47315193,1602,1984643319,12.29712858926342,11.3624292003071,71.09862671660424,80.92592929037039,2.933832709113608,2.384065315264843,13.67041198501873,5.327576194057669
2025m5,04,441,242117278,50,39124287,40,10456416,4,17010656,535,308708637,9.345794392523365,12.67353170944809,82.42990654205607,78.42905865960596,.7476635514018692,5.510262416143543,7.476635514018691,3.387147214802416
2025m5,05,171,73584539,26,7008085,17,7038561,12,2028996,226,89660181,11.50442477876106,7.816273536186594,75.66371681415929,82.07047786352338,5.309734513274337,2.26298450144775,7.52212389380531,7.850264098842271
2025m5,06,280,240368862,45,31076771,52,53566815,16,9036986,393,334049434,11.45038167938931,9.30304554864176,71.2468193384224,71.95607521969339,4.071246819338422,2.70528403290155,13.23155216284987,16.03559519876331
2025m5,07,840,260309692,267,511370361,142,268596387,13,37769070,1262,1078045510,21.15689381933439,47.4349511459864,66.56101426307448,24.14644739812515,1.030110935023772,3.503476397763579,11.25198098256735,24.91512505812486
2025m5,08,609,1113816986,98,415776150,89,204184521,12,208712732,808,1942490389,12.12871287128713,21.40428350917313,75.37128712871286,57.33963948070787,1.485148514851485,10.74459534944963,11.01485148514852,10.51148166066936
2025m5,09,704,1471114211,19,22072971,127,95045506,6,4868743,856,1593101431,2.219626168224299,1.385534566128954,82.2429906542056,92.34278385379217,.7009345794392523,.3056141250807777,14.83644859813084,5.966067454998099
2025m5,10,205,132787588,37,26500648,25,65419994,4,3821280,271,228529510,13.65313653136531,11.59616016329795,75.64575645756457,58.1052258852697,1.476014760147601,1.672116655743934,9.22509225092251,28.62649729568842
2025m5,11,344,101941701,36,59847586,59,27675866,0,0,439,189465153,8.200455580865604,31.5876482046279,78.35990888382688,53.80498703104523,0,0,13.43963553530752,14.60736476432687
2025m5,12,411,103780213,83,34554298,82,29841369,123,45473301,699,213649181,11.87410586552217,16.1733819143449,58.79828326180257,48.57505772512182,17.59656652360515,21.28409797180547,11.7310443490701,13.96746238872781
2025m5,13,65,41041319,20,11297060,4,1758858,85,74562868,174,128660105,11.49425287356322,8.780546230706092,37.35632183908046,31.8990249541612,48.85057471264368,57.95337101582499,2.298850574712644,1.367057799307719
2025m5,14,17,1814716,7,345791,2,1746156,34,10756117,60,14662780,11.66666666666667,2.358290856167794,28.33333333333333,12.37634336735599,56.66666666666666,73.35660086286502,3.333333333333333,11.9087649136112
2025m5,15,427,937133455,64,73831503,49,152972601,41,238081301,581,1402018860,11.01549053356282,5.266084865648669,73.49397590361446,66.84171531044882,7.056798623063683,16.98131942390561,8.433734939759036,10.9108803999969
2025m5,16,604,436029304,68,129960121,69,11434223,14,31286631,755,608710279,9.006622516556291,21.35007826933706,80,71.63166436359785,1.85430463576159,5.13982301258297,9.139072847682121,1.878434354482126
2025m5,17,405,341413527,22,156334207,68,71789431,4,5266663,499,574803828,4.408817635270541,27.19783678963251,81.1623246492986,59.39652980181614,.8016032064128256,.9162539884824844,13.62725450901804,12.48937942006886
2025m5,18,354,880355743,9,18112539,56,204514816,6,48867772,425,1151850870,2.117647058823529,1.572472571905076,83.29411764705881,76.42966341641085,1.411764705882353,4.242543307711354,13.1764705882353,17.75532070397273
2025m5,19,725,608911082,55,80530019,111,378162321,232,143175209,1123,1210778631,4.897595725734639,6.651093514384959,64.55921638468388,50.29086791010602,20.65894924309884,11.8250525186218,9.884238646482636,31.23298605688722
2025m5,20,1670,792912741,177,99087679,227,174151661,126,102915881,2200,1169067962,8.045454545454547,8.475784318858958,75.90909090909091,67.82434954795211,5.727272727272728,8.803241928205368,10.31818181818182,14.89662420498356
2025m5,21,997,1209405407,55,30890779,138,49849419,18,11576313,1208,1301721918,4.552980132450331,2.373070513206186,82.53311258278146,92.90812348448142,1.490066225165563,.8893076808437053,11.42384105960265,3.829498321468687
2025m5,22,959,1818616942,48,117175849,157,458484244,2,5056719,1166,2399333754,4.116638078902231,4.883682764211219,82.24699828473413,75.79674728320435,.1715265866209262,.2107551311512954,13.46483704974271,19.10881482143314
2025m5,23,218,332318746,26,12656926,34,113986933,2,3276896,280,462239501,9.285714285714286,2.738174901240212,77.85714285714286,71.89319503873382,.7142857142857143,.708917345426089,12.14285714285714,24.65971271459987
2025m5,24,125,241947388,3,6437475,30,6085734,1,36208,159,254506805,1.886792452830189,2.529392092286098,78.61635220125787,95.06519403282752,.628930817610063,.0142267315799277,18.86792452830189,2.391187143306443
2025m5,25,332,259869832,90,77338480,118,78257986,14,9137387,554,424603685,16.24548736462094,18.21427432971996,59.92779783393502,61.20291490169238,2.527075812274368,2.151980145909473,21.29963898916968,18.43083062267818
2025m5,26,21,82095019,47,121340282,24,52734526,6,11082174,98,267252001,47.95918367346938,45.40294611302087,21.42857142857143,30.71820554862749,6.122448979591836,4.146713198978069,24.48979591836735,19.73213513937357
2025m5,27,210,9640054597,225,1332497920,45,1460834135,138,5370743596,618,17804130248,36.40776699029126,7.484206762358886,33.98058252427185,54.1450464736007,22.33009708737864,30.16571728688243,7.281553398058252,8.20502947715798
2025m5,28,1026,505486514,267,1152860528,130,224184299,112,107203666,1535,1989735007,17.39413680781759,57.94040532755225,66.84039087947883,25.40471531242451,7.296416938110749,5.387836351215185,8.469055374592834,11.26704300880806
2025m5,29,3051,1860340529,411,6241574675,468,636361621,106,63780419,4036,8802057244,10.18334985133796,70.91040766923692,75.59464816650149,21.13529232348628,2.626362735381566,.7246080914035918,11.59563924677899,7.229691915873207
2025m5,30,269,660659610,881,14485631689,59,121126139,122,3565487493,1331,18832904931,66.190833959429,76.91660814979133,20.21036814425244,3.508006929470121,9.166040570999249,18.93222265000134,4.432757325319309,.6431622707372121
2025m5,31,93,245262416,66,51446362,37,389842295,21,18609059,217,705160132,30.4147465437788,7.295699184536428,42.85714285714285,34.78109508323707,9.67741935483871,2.638983424547887,17.05069124423963,55.28422230767862
2025m5,32,1100,425857865,27,2983715,55,7928495,10,377609,1192,437147684,2.26510067114094,.6825416464976628,92.28187919463086,97.41739018340539,.8389261744966443,.0863801899954707,4.614093959731544,1.81368798010148
2025m5,33,869,1568596770,28,3351554,67,43787611,127,35030885,1091,1650766820,2.566452795600367,.2030301287494984,79.65169569202565,95.02231029819221,11.64069660861595,2.122097716987067,6.14115490375802,2.652561856071229
2025m5,34,768,416596973,23,7173847,81,81347460,2,19163,874,505137443,2.631578947368421,1.420177240751484,87.87185354691076,82.47200415907399,.2288329519450801,.0037936209769348,9.267734553775744,16.10402497919759
2025m5,35,277,223769514,9,3204005,22,7878244,31,76635263,339,311487026,2.654867256637168,1.028615875641639,81.71091445427729,71.83911216899288,9.144542772861357,24.6030353122958,6.489675516224189,2.529236643069686
2025m5,36,80,63054725,7,8012258,16,13885408,0,0,103,84952391,6.796116504854369,9.431468503340888,77.66990291262135,74.22360248812774,0,0,15.53398058252427,16.34492900853138
2025m5,37,124,105412774,3,1073644,14,2254211,0,0,141,108740629,2.127659574468085,.9873439301146585,87.94326241134752,96.93963973668021,0,0,9.929078014184398,2.073016333205135
2025m5,38,1196,1570673751,108,74453985,105,65219403,52,148784777,1461,1859131916,7.392197125256674,4.004771493579157,81.86173853524983,84.48425512372302,3.559206023271732,8.00291661498215,7.186858316221765,3.50805676771567
2025m5,39,5852,5311917912,62,38457357,357,293842470,50,24047797,6321,5668265536,.9808574592627749,.6784678091693409,92.58028792912513,93.71328633535633,.7910140800506249,.4242531837520465,5.647840531561462,5.183992671722287
2025m5,40,2823,2714706144,102,240618647,137,84725794,107,29612713,3169,3069663298,3.218680971915431,7.838600642512553,89.08172925213,88.43660950595891,3.376459450930893,.9646892875610751,4.323130325023667,2.760100563967456
2025m5,41,306,28701000,23,3897882,36,2127003,6,437444,371,35163329,6.199460916442049,11.08507672865672,82.47978436657682,81.62196474628441,1.617250673854447,1.244034658948247,9.703504043126685,6.048923866110629
2025m5,42,2230,1005018071,10,212962,118,7828135,2,132176,2360,1013191344,.423728813559322,.0210189320369875,94.49152542372882,99.19331397288369,.0847457627118644,.0130455121614225,5,.7726215829179054
2025m5,43,126,6942099,11,523780,16,336847,0,0,153,7802726,7.18954248366013,6.712782173819765,82.35294117647058,88.97017529514684,0,0,10.45751633986928,4.317042531033385
2025m5,44,1187,1026543470,855,480264051,199,257175304,201,220793921,2442,1984776746,35.01228501228501,24.19738401147108,48.60769860769861,51.72085334377451,8.230958230958231,11.12437060969073,8.149058149058149,12.95739203506368
2025m5,45,12,1064694,7,252853,3,220842,51,24716246,73,26254635,9.58904109589041,.9630794714914147,16.43835616438356,4.055261099611554,69.86301369863014,94.14050509557646,4.10958904109589,.8411543333205737
2025m5,46,197,39273647,13,628735,20,2507901,11,1319131,241,43729414,5.394190871369295,1.437785102722849,81.74273858921161,89.81059522087354,4.564315352697095,3.016575982472576,8.298755186721991,5.735043693931046
2025m5,47,36,201671545,10,20848897,11,127002076,0,0,57,349522518,17.5438596491228,5.964965324494487,63.1578947368421,57.69915659625684,0,0,19.29824561403509,36.33587807924867
2025m5,48,1939,1160732820,114,159086044,238,188609287,103,32096662,2394,1540524813,4.761904761904762,10.32674337066975,80.99415204678363,75.34658385278472,4.302422723475355,2.083488803889847,9.941520467836257,12.24318397265569
2025m5,49,80,238368127,412,37618538,31,15598296,363,101807402,886,393392363,46.50112866817156,9.56259997350279,9.029345372460497,60.59297267039218,40.9706546275395,25.87935394160156,3.498871331828442,3.965073414503474
2025m5,50,48,2238086,1,945,2,21486,67,2545226,118,4805743,.847457627118644,.0196639728757863,40.67796610169492,46.57107132029324,56.77966101694916,52.96217463147737,1.694915254237288,.4470900753535925
2025m5,51,324,20249221,15,1053953,28,2904292,0,0,367,24207466,4.087193460490464,4.353834474042017,88.28337874659401,83.64866029348136,0,0,7.629427792915531,11.99750523247662
2025m5,52,1217,56247153,34,3693575,79,1132298,1,12413,1331,61085439,2.554470323065364,6.046571917081581,91.43501126972201,92.07947740213507,.0751314800901578,.0203207183302718,5.935386927122464,1.853629962453081
2025m5,53,279,20883397,2,11264,21,621853,2,3055,304,21519569,.6578947368421052,.0523430557554382,91.77631578947368,97.04375120152267,.6578947368421052,.0141963809777045,6.907894736842106,2.889709361744187
2025m5,54,1044,131921104,35,1581017,75,8957116,5,170422,1159,142629659,3.019844693701467,1.108477024403459,90.07765314926661,92.49205594749407,.4314063848144953,.1194856674234915,6.47109577221743,6.279981360678988
2025m5,55,829,113807798,35,5253592,31,2839243,1,18172,896,121918805,3.90625,4.309090792023429,92.52232142857143,93.34720595399537,.1116071428571428,.014905001734556,3.459821428571429,2.328798252246649
2025m5,56,945,217782230,21,2054450,83,5619663,3,1148706,1052,226605049,1.996197718631179,.9066214583771257,89.82889733840305,96.10652143942301,.285171102661597,.5069198612604612,7.889733840304182,2.479937240939411
2025m5,57,694,258625901,3,35296,29,1021478,1,76865,727,259759540,.4126547455295735,.013587951379957,95.46079779917469,99.56358137991775,.1375515818431912,.0295908285023911,3.988995873452544,.3932398401999018
2025m5,58,862,58869431,5,168100,41,1427762,2,1428,910,60466721,.5494505494505495,.2780041603380478,94.72527472527472,97.35839818401926,.2197802197802198,.0023616296309502,4.505494505494505,2.36123602601173
2025m5,59,775,210608099,16,6293962,30,10925410,1,765,822,227828236,1.94647201946472,2.7625908493625,94.28223844282239,92.44161421677337,.121654501216545,.0003357792754011,3.64963503649635,4.795459154588723
2025m5,60,455,63091975,19,1417399,16,652193,1,6379,491,65167946,3.869653767820774,2.174994129782761,92.66802443991853,96.81442929012985,.2036659877800407,.0097885546369683,3.258655804480652,1.000788025450426
2025m5,61,7783,2983031983,57,1667286,373,61071641,9,325805,8222,3046096715,.6932619800535149,.0547351629312926,94.66066650450013,97.92965431171478,.1094624179031866,.0106958192888501,4.536609097543177,2.00491470606507
2025m5,62,10377,2502417106,91,5208679,476,88570422,20,1021838,10964,2597218045,.8299890550893835,.2005483909996475,94.64611455673112,96.34990449945067,.1824151769427216,.039343558465073,4.341481211236776,3.410203551084599
2025m5,63,2391,1141891952,23,1071013,131,11354451,6,34280,2551,1154351696,.901607212857703,.0927804761504851,93.72794982359859,98.92062843211693,.2352018816150529,.0029696322289633,5.135241081928656,.9836214595036209
2025m5,64,2498,1864110813,29,1385376,105,7572847,5,147620,2637,1873216656,1.099734546833523,.0739570618039604,94.72885855138415,99.51389269517577,.1896094046264695,.0078805620015798,3.981797497155859,.4042696810186808
2025m5,65,796,209880898,3,11643,55,5399588,0,0,854,215292129,.351288056206089,.0054080007727547,93.20843091334895,97.48656347766435,0,0,6.440281030444965,2.508028521562904
2025m5,66,106,27575122,1,2155,10,199304,0,0,117,27776581,.8547008547008548,.0077583342600733,90.5982905982906,99.27471635187931,0,0,8.547008547008547,.7175253138606225
2025m5,67,162,133152114,2,149300,8,395926,0,0,172,133697340,1.162790697674419,.111670134948085,94.18604651162791,99.59219383123104,0,0,4.651162790697675,.2961360338208673
2025m5,68,1017,700812144,46,14641099,101,47182018,36,15319444,1200,777954705,3.833333333333333,1.881998901208522,84.75,90.08392641574164,3,1.969194851774822,8.416666666666666,6.06487983127501
2025m5,69,1134,451145669,48,8888053,89,54371427,5,274712,1276,514679861,3.761755485893417,1.726909030932532,88.87147335423198,87.65559004454616,.3918495297805642,.0533753155731112,6.974921630094045,10.5641256089482
2025m5,70,1983,626305509,91,20379900,144,68152552,9,369804,2227,715207765,4.086214638527166,2.849507653206198,89.04355635383925,87.56973003501997,.4041311180960934,.0517058144635776,6.466097889537495,9.529056497310261
2025m5,71,1092,1293670358,217,1794196231,99,801139648,119,105705459,1527,3994711696,14.21087098886706,44.9142858744117,71.51277013752456,32.38457381781476,7.793058284217421,2.64613486639963,6.483300589390963,20.05500544137391
2025m5,72,1825,2138736674,0,0,426,269480889,0,0,2251,2408217563,0,0,81.07507774322524,88.80994420353375,0,0,18.92492225677477,11.19005579646626
2025m5,73,5214,3505171551,0,0,287,92767577,0,0,5501,3597939128,0,0,94.78276676967823,97.421646845605,0,0,5.21723323032176,2.578353154395001
2025m5,74,895,2451164336,157,195126024,95,248215398,69,85386060,1216,2979891818,12.91118421052632,6.548090867639679,73.60197368421053,82.25682292201924,5.674342105263158,2.865408048850181,7.8125,8.329678161490895
2025m5,75,212,170574003,7,53015538,16,13111227,16,7322203,251,244022971,2.788844621513944,21.72563418220164,84.46215139442231,69.90079757696253,6.374501992031872,3.00062038011987,6.374501992031872,5.372947860715948
2025m5,76,1491,1888729601,0,0,77,28601111,0,0,1568,1917330712,0,0,95.08928571428571,98.50828493900431,0,0,4.910714285714286,1.491715060995695
2025m5,78,30,11286235,7,27680705,14,59480992,2,5691911,53,104139843,13.20754716981132,26.58032142414503,56.60377358490566,10.83757635394169,3.773584905660377,5.465642002168181,26.41509433962264,57.1164602197451
2025m5,79,76,63322461,7,8555703,11,118463975,6,2536371,100,192878510,7.000000000000001,4.435798990774037,76,32.83023132022328,6,1.315009640006033,11,61.41896004899664
2025m5,80,34,4623126,26,95784115,9,1389573,1,28259,70,101825073,37.14285714285715,94.06731778134841,48.57142857142857,4.540262887903847,1.428571428571429,.0277524966763343,12.85714285714286,1.364666834071408
2025m5,81,333,184165669,91,102102755,43,28366623,19,6592417,486,321227464,18.72427983539095,31.78518851675771,68.51851851851852,57.33185659368154,3.909465020576132,2.052258209154869,8.847736625514404,8.830696680405882
2025m5,82,2368,878062890,17,3140204,138,16541939,6,523108,2529,898268141,.6722024515618822,.3495842562671941,93.63384737050218,97.75064370227953,.2372479240806643,.0582351723414846,5.456702253855279,1.841536869111781
2025m5,83,1565,1169669998,9,668203,67,19630656,27,1677690,1668,1191646547,.539568345323741,.0560739257527509,93.82494004796163,98.15578293283973,1.618705035971223,.1407875518310045,4.016786570743405,1.647355589576512
2025m5,84,15980,28797811339,566,278664367,1102,1149683661,3647,22149143924,21295,52375303291,2.657900915707913,.5320529896537797,75.04108945761917,54.98356960149292,17.12608593566565,42.28929005133998,5.174923691007279,2.195087357513322
2025m5,85,10927,23282527332,793,1153897340,684,484054229,2708,13540065205,15112,38460544106,5.247485442032822,3.000210649177965,72.30677607199576,60.53613611869789,17.91953414505029,35.20507969851548,4.526204340921122,1.258573533608656
2025m5,86,254,122079107,8,4467243,18,12522829,0,0,280,139069179,2.857142857142857,3.212245180508328,90.71428571428571,87.78300690191031,0,0,6.428571428571428,9.004747917581364
2025m5,87,3239,27416350929,55,221009278,258,1823609237,12,4597902,3564,29465567346,1.54320987654321,.7500594690908009,90.88103254769922,93.0453861860624,.3367003367003367,.0156043219735396,7.23905723905724,6.18895002287325
2025m5,88,189,1307057894,43,176008773,31,305305588,198,152235649,461,1940607904,9.327548806941431,9.069775127536531,40.99783080260303,67.35301300720663,42.95010845986985,7.844740232491603,6.724511930585683,15.73247163276524
2025m5,89,203,203078098,10,2227715,46,20781503,2,528731,261,226616047,3.831417624521073,.9830349745708874,77.77777777777779,89.61329115409025,.7662835249042145,.2333157810311641,17.62452107279693,9.170358090307699
2025m5,90,5249,9396921942,59,24598057,271,229578996,1588,895267230,7167,10546366225,.8232175247662901,.2332372731537682,73.23845402539418,89.10103955734763,22.15710897167574,8.488869160240071,3.781219478163806,2.17685400925853
2025m5,91,712,342465944,6,262237,89,2474737,7,348517,814,345551435,.7371007371007371,.0758894258390216,87.46928746928747,99.10708198911111,.85995085995086,.1008582123237312,10.93366093366093,.7161703727261327
2025m5,92,470,92177235,7,1438512,22,5340447,2,25802,501,98981996,1.397205588822355,1.453306720547442,93.812375249501,93.12525380878357,.3992015968063872,.0260673668370963,4.39121756487026,5.395372103831892
2025m5,93,404,288427609,17,6495914,48,52129835,2,1374333,471,348427691,3.609341825902336,1.864350672403934,85.77494692144374,82.77976075099038,.4246284501061571,.3944385120641861,10.19108280254777,14.96145006454151
2025m5,94,4644,4860543063,40,4332660,325,22774579,182,47608793,5191,4935259095,.7705644384511654,.0877899197711726,89.46253130418032,98.48607680849632,3.506068194952803,.9646665369247447,6.26083606241572,.46146673480777
2025m5,95,1247,2007783937,19,6141465,100,14059776,2,40779,1368,2028025957,1.388888888888889,.3028297038705013,91.15497076023392,99.00188555624094,.1461988304093567,.0020107730800607,7.309941520467836,.6932739668085027
2025m5,96,985,545849805,36,16192625,93,80412968,6,118075,1120,642573473,3.214285714285714,2.519964748062359,87.94642857142857,84.94745393885876,.5357142857142857,.0183753305981867,8.303571428571429,12.5142059824807
2025m5,97,29,18196892,185,22276918,18,1636197,409,812712061,641,854822068,28.86115444617785,2.606029819997581,4.524180967238689,2.128734467814418,63.80655226209049,95.07382780857267,2.80811232449298,.1914079036153288
2025m5,98,2,41146635,2001,9177221979,0,0,74,764180547,2077,9982549161,96.34087626384208,91.93264997735983,.0962927298988926,.4121856485390766,3.562831006259028,7.655164374101098,0,0
2025m5,99,0,0,208,2428662507,0,0,0,0,208,2428662507,100,100,0,0,0,0,0,0
2025m6,01,74,27382293,33,187795363,14,12227287,77,11639117,198,239044060,16.66666666666666,78.56098285813921,37.37373737373738,11.4549146295457,38.88888888888889,4.869025818922252,7.07070707070707,5.115076693392841
2025m6,02,204,903879914,103,344534195,21,160352281,1,258685,329,1409025075,31.30699088145897,24.45195625776923,62.00607902735562,64.14931359543051,.303951367781155,.0183591480797458,6.382978723404255,11.38037099872052
2025m6,03,1193,1241487626,211,310896757,120,368958407,46,58301919,1570,1979644709,13.43949044585987,15.70467445934007,75.98726114649682,62.71264840382022,2.929936305732484,2.945069826668579,7.643312101910828,18.63760731017113
2025m6,04,460,261631695,42,34065542,51,13052856,4,2360809,557,311110902,7.540394973070017,10.94964585972625,82.58527827648115,84.09595848878352,.7181328545780969,.7588319743292056,9.156193895870736,4.195563677161014
2025m6,05,184,77054080,27,8185631,9,8852874,11,1868397,231,95960982,11.68831168831169,8.530165937651619,79.65367965367966,80.29730250155214,4.761904761904762,1.947038224348309,3.896103896103896,9.225493336447933
2025m6,06,248,147866787,38,17788817,54,21412055,14,7162019,354,194229678,10.73446327683616,9.158650306777526,70.05649717514125,76.12986260523998,3.954802259887006,3.687396835410498,15.25423728813559,11.02409025257201
2025m6,07,830,198538239,280,456996934,147,279255015,13,32009263,1270,966799451,22.04724409448819,47.26905187288941,65.35433070866141,20.53561768106548,1.023622047244094,3.310848280570652,11.5748031496063,28.88448216547446
2025m6,08,582,807961652,113,532438542,85,428957076,3,2132891,783,1771490161,14.43167305236271,30.05596947258461,74.32950191570882,45.60915266635794,.3831417624521072,.1204009509596142,10.85568326947637,24.21447691009784
2025m6,09,792,1391696578,17,19046155,77,16577138,7,9442017,893,1436761888,1.903695408734603,1.325630583541759,88.68980963045912,96.86341137133503,.7838745800671892,.6571734035305926,8.622620380739082,1.153784641592609
2025m6,10,202,137891885,42,38067845,17,52258661,0,0,261,228218391,16.09195402298851,16.68044579281956,77.39463601532567,60.42102233557505,0,0,6.513409961685824,22.89853187160539
2025m6,11,355,98981842,34,47394058,45,17586345,4,17137456,438,181099701,7.76255707762557,26.17014701752599,81.05022831050228,54.6559941587093,.91324200913242,9.462995192907579,10.27397260273973,9.710863630857126
2025m6,12,424,96989626,66,30505189,40,22047591,138,41726143,668,191268549,9.880239520958083,15.94887876730847,63.47305389221557,50.70861179586823,20.65868263473054,21.81547526666289,5.988023952095809,11.52703417016041
2025m6,13,81,64277409,14,6299340,8,1451866,86,72106876,189,144135491,7.407407407407407,4.370429487071994,42.85714285714285,44.59512959233615,45.5026455026455,50.02714841412654,4.232804232804233,1.007292506465323
2025m6,14,10,939698,6,661237,2,1128947,37,10604253,55,13334135,10.90909090909091,4.9589793413671,18.18181818181818,7.047311280409266,67.27272727272727,79.52711593215457,3.636363636363636,8.466593446069055
2025m6,15,420,633958188,61,57744217,46,283433417,52,194360843,579,1169496665,10.53540587219344,4.937527290853796,72.53886010362694,54.20778074642907,8.981001727115718,16.6191874518941,7.944732297063902,24.23550451082304
2025m6,16,698,473670676,81,181675416,36,10914621,8,22099041,823,688359754,9.842041312272174,26.39250986773988,84.81166464155528,68.81150056311979,.9720534629404617,3.210391204829212,4.374240583232078,1.585598364311113
2025m6,17,406,240469296,28,72071997,59,148706846,3,5332143,496,466580282,5.64516129032258,15.44685872516147,81.85483870967742,51.53867518130567,.6048387096774194,1.142813617657336,11.89516129032258,31.87165247587552
2025m6,18,397,1085056631,17,57574292,44,90963571,1,8159347,459,1241753841,3.703703703703703,4.636530212270952,86.49237472766885,87.38097642010837,.2178649237472767,.6570824853200515,9.586056644880173,7.325410882300624
2025m6,19,754,809130084,34,86673891,73,229434396,251,133588359,1112,1258826730,3.057553956834532,6.885291592116097,67.80575539568345,64.27652549132,22.57194244604317,10.61213237821856,6.564748201438849,18.22605053834534
2025m6,20,1807,976696928,180,103468010,190,121726747,124,83394607,2301,1285286292,7.822685788787484,8.050191668892397,78.53107344632768,75.99061268133404,5.388961321164711,6.488407098019529,8.257279443720121,9.47078855175404
2025m6,21,1003,954371988,54,32731362,136,49843497,18,8970079,1211,1045916926,4.459124690338563,3.129441850145563,82.82411230388109,91.24739874417139,1.486374896779521,.8576282472361481,11.23038810900083,4.765531158446899
2025m6,22,1023,1769630705,52,87314200,112,424001074,4,35160583,1191,2316106562,4.36607892527288,3.769869721564219,85.89420654911839,76.40540957976873,.3358522250209908,1.518090038553243,9.403862300587742,18.30663066011381
2025m6,23,228,320497659,27,14277815,25,81169221,2,1775811,282,417720506,9.574468085106384,3.418030667615824,80.85106382978722,76.72538321592477,.7092198581560284,.4251194218365713,8.865248226950355,19.43146669462284
2025m6,24,130,303338582,3,7241601,16,2544597,1,103686,150,313228466,2,2.311923016600924,86.66666666666667,96.84259731361709,.6666666666666667,.0331023553906496,10.66666666666667,.8123773143913428
2025m6,25,383,272871653,95,97381558,56,48395036,17,12047176,551,430695423,17.24137931034483,22.61030714505643,69.50998185117967,63.3560605541889,3.08529945553539,2.797145118488988,10.16333938294011,11.23648718226569
2025m6,26,27,90221659,52,147154499,13,32599166,4,4635907,96,274611231,54.16666666666666,53.58648241156604,28.125,32.85432233468995,4.166666666666666,1.688170940102592,13.54166666666667,11.87102431364142
2025m6,27,198,9035458799,224,1060227685,61,1432167016,143,5506289255,626,17034142755,35.78274760383386,6.224132909117444,31.62939297124601,53.04322576695466,22.84345047923323,32.32501531891735,9.744408945686901,8.407626005010547
2025m6,28,1043,495225809,249,820239020,107,103099653,124,113811510,1523,1532375992,16.34931057124097,53.52726904377134,68.48325673013788,32.31751290710642,8.141825344714379,7.427126931912935,7.025607353906762,6.728091117209307
2025m6,29,3080,1735519673,394,903154759,472,460694624,105,59102033,4051,3158471089,9.725993581831647,28.59468184291492,76.03060972599359,54.94809431830136,2.591952604295236,1.871222858611387,11.65144408787953,14.58600098017234
2025m6,30,279,727634140,924,11994767271,51,102748918,81,2078582916,1335,14903733245,69.21348314606742,80.48162882292651,20.89887640449438,4.882227345582097,6.067415730337078,13.9467265136226,3.820224719101124,.6894173178688022
2025m6,31,111,145464255,54,50593491,32,271561223,16,8432399,213,476051368,25.35211267605634,10.62773776127454,52.11267605633802,30.55641991139074,7.511737089201878,1.771321241114467,15.02347417840376,57.04452108622026
2025m6,32,1129,413966405,34,3182476,56,17108757,5,354164,1224,434611802,2.777777777777778,.7322571511760281,92.23856209150327,95.24969250604934,.4084967320261438,.0814897336819215,4.57516339869281,3.93656060909271
2025m6,33,883,1676624771,19,1924414,54,47722368,143,36052223,1099,1762323776,1.72884440400364,.109197528071028,80.34576888080073,95.13715889400791,13.01182893539581,2.0457207404776,4.913557779799818,2.707922837443464
2025m6,34,804,446266989,24,6465860,71,70505439,1,133479,900,523371767,2.666666666666667,1.235423919991466,89.33333333333333,85.26768487303596,.1111111111111111,.0255036684086171,7.888888888888888,13.47138753856396
2025m6,35,262,239138028,11,2670243,22,15755903,32,76392724,327,333956898,3.363914373088685,.7995771358494292,80.1223241590214,71.60745276775208,9.785932721712538,22.8750250279304,6.727828746177369,4.717945068468087
2025m6,36,80,44225560,7,8555239,13,26935602,0,0,100,79716401,7.000000000000001,10.73209388868421,80,55.47862101802614,0,0,13,33.78928509328965
2025m6,37,112,116168615,3,516468,7,770557,1,7729,123,117463369,2.439024390243902,.4396843070285171,91.05691056910568,98.89773806845264,.8130081300813009,.006579923652624,5.691056910569105,.6559977008662164
2025m6,38,1211,1613089490,110,70015777,67,38523205,58,159008011,1446,1880636483,7.607192254495159,3.722983023721337,83.74827109266944,85.77359338614936,4.011065006915629,8.455010441270909,4.633471645919779,2.048413148858391
2025m6,39,5945,5139194302,53,50279404,345,268432427,46,5658545,6389,5463564678,.8295507904210362,.9202673888433833,93.05055564251057,94.06302670294846,.7199874784786352,.1035687382412644,5.399906088589764,4.913137169966894
2025m6,40,2789,2611122889,91,139471105,108,48793520,114,36015195,3102,2835402709,2.933591231463572,4.918916969264982,89.90973565441649,92.09001884324573,3.67504835589942,1.270196818451301,3.481624758220503,1.720867369037983
2025m6,41,320,26925626,24,3818435,39,2940655,2,22201,385,33706917,6.233766233766234,11.32834248827919,83.11688311688312,79.88160412297572,.5194805194805194,.065864819378171,10.12987012987013,8.724188569366936
2025m6,42,2267,1007294460,6,230554,118,12340973,2,1324,2393,1019867311,.2507312996239031,.0226062741214774,94.73464270789803,98.76720717838559,.0835770998746344,.0001298208096014,4.931048892603427,1.21005672668334
2025m6,43,138,9007826,6,238117,17,266290,0,0,161,9512233,3.726708074534161,2.503271313896537,85.71428571428571,94.69728085928931,0,0,10.55900621118012,2.799447826814166
2025m6,44,1187,888548684,838,453935233,206,316009102,218,194081444,2449,1852574463,34.21804818293181,24.50294128878964,48.46876276031033,47.96291332663156,8.901592486729278,10.47631001485958,8.411596570028584,17.05783536971922
2025m6,45,13,1055740,1,61360,1,106537,59,21091223,74,22314860,1.351351351351351,.2749737170656684,17.56756756756757,4.731107432446361,79.72972972972973,94.51649259730959,1.351351351351351,.4774262531783753
2025m6,46,197,42416331,12,386808,13,246961,15,1196955,237,44247055,5.063291139240507,.8742005541385749,83.12236286919831,95.86249525533394,6.329113924050633,2.705163089385271,5.485232067510549,.5581411011422116
2025m6,47,42,132538015,10,18635046,14,121228010,0,0,66,272401071,15.15151515151515,6.841032574354306,63.63636363636363,48.65546765783458,0,0,21.21212121212121,44.50349976781111
2025m6,48,2116,1186191334,114,161588934,98,195524089,107,23347502,2435,1566651859,4.681724845995893,10.31428476414299,86.8993839835729,75.71505610424198,4.394250513347023,1.490280170790644,4.024640657084189,12.48037896082438
2025m6,49,79,225272626,398,25639760,43,8796894,334,113759629,854,373468909,46.60421545667447,6.865299729675757,9.250585480093678,60.31897718157846,39.11007025761124,30.46026757745449,5.035128805620609,2.355455511291303
2025m6,50,50,1724698,1,944,1,6323,61,2627637,113,4359602,.8849557522123894,.0216533527601832,44.24778761061947,39.56090487159149,53.98230088495575,60.27240560032774,.8849557522123894,.1450361753205912
2025m6,51,360,18576942,17,946993,23,1116175,1,2589,401,20642699,4.239401496259352,4.587544487278529,89.77556109725685,89.9927960001742,.2493765586034913,.012541964594843,5.7356608478803,5.407117547952426
2025m6,52,1186,52201718,31,2760203,65,1803969,3,24993,1285,56790883,2.412451361867705,4.860292452223361,92.29571984435798,91.91918709909828,.2334630350194553,.0440088244445856,5.058365758754864,3.17651162423377
2025m6,53,294,21357665,1,5152,12,80828,1,457,308,21444102,.3246753246753247,.0240252541234881,95.45454545454545,99.59691946997827,.3246753246753247,.0021311221146029,3.896103896103896,.3769241537836371
2025m6,54,1045,122913646,34,1616531,61,6756725,7,102631,1147,131389533,2.964254577157803,1.230334687314856,91.10723626852659,93.54903940483599,.6102877070619006,.0781120060758569,5.318221447253705,5.142513901773286
2025m6,55,809,117697754,36,3456989,31,4227356,3,10016,879,125392115,4.09556313993174,2.756942890707283,92.03640500568828,93.86376009368691,.3412969283276451,.0079877430889494,3.526734926052332,3.371309272516856
2025m6,56,907,204934993,20,2077980,51,8910484,3,1012240,981,216935697,2.038735983690112,.9578783154346423,92.45667686034659,94.46808240139474,.3058103975535168,.466608314813214,5.198776758409786,4.107430968357412
2025m6,57,702,242148487,3,197052,13,3423264,2,30232,720,245799035,.4166666666666667,.0801679306836986,97.5,98.51482411230783,.2777777777777778,.0122994787184579,1.805555555555555,1.392708478289998
2025m6,58,835,59993010,4,21554,31,1122412,1,3360,871,61140336,.4592422502870264,.0352533227818702,95.86681974741677,98.12345486619505,.1148105625717566,.0054955537045135,3.559127439724455,1.835796257318573
2025m6,59,769,206016971,19,5238062,35,7766686,2,32069,825,219053788,2.303030303030303,2.391221830868316,93.21212121212122,94.04857723802522,.2424242424242424,.0146397833576838,4.242424242424243,3.545561147748789
2025m6,60,466,61455599,18,1299725,18,2410596,0,0,502,65165920,3.585657370517929,1.994485768021076,92.82868525896414,94.30634755098984,0,0,3.585657370517929,3.699166680989082
2025m6,61,8070,3610026713,54,1532612,409,73314205,9,121030,8542,3684994560,.6321704518848046,.0415906177077233,94.474361976118,97.96559137932621,.1053617419808008,.0032844010494279,4.78810583001639,1.989533601916633
2025m6,62,10186,2777471485,87,5156912,466,59606925,12,332521,10751,2842567843,.8092270486466374,.1814173762888093,94.74467491396149,97.70994531721367,.1116175239512603,.0116979090162739,4.33448051344061,2.096939397481251
2025m6,63,2375,1069700509,24,1104772,114,12793825,2,57038,2515,1083656144,.9542743538767396,.1019485753037912,94.43339960238568,98.71217128447343,.0795228628230616,.0052634777476055,4.532803180914513,1.180616662475177
2025m6,64,2448,2218879993,32,1715963,97,6320314,3,54618,2580,2226970888,1.24031007751938,.0770536790241148,94.88372093023256,99.63668609034822,.1162790697674419,.0024525691060583,3.759689922480621,.2838076615216175
2025m6,65,831,229690178,3,14476,44,3007531,0,0,878,232712185,.3416856492027335,.0062205595293603,94.64692482915717,98.70139717866515,0,0,5.011389521640091,1.2923822618055
2025m6,66,100,18442068,0,0,14,590947,0,0,114,19033015,0,0,87.71929824561403,96.89514772094699,0,0,12.28070175438596,3.104852279053004
2025m6,67,164,149485544,1,85951,10,502571,0,0,175,150074066,.5714285714285714,.0572723870891857,93.71428571428572,99.60784563536781,0,0,5.714285714285714,.3348819775430087
2025m6,68,1075,672312213,37,20512594,61,56603883,48,9423464,1221,758852154,3.03030303030303,2.703108094491882,88.04258804258805,88.5959418387577,3.931203931203931,1.241805001188677,4.995904995904995,7.459145065561742
2025m6,69,1133,478810331,46,10424288,68,29016799,2,10661,1249,518262079,3.682946357085669,2.011393158479573,90.71257005604484,92.38768383823815,.1601281024819856,.0020570673471944,5.44435548438751,5.598865935935089
2025m6,70,1951,609745607,82,17919468,115,55960801,7,1221806,2155,684847682,3.805104408352669,2.616562554124262,90.53364269141532,89.03375495399574,.3248259860788863,.178405510029893,5.336426914153132,8.171276981850104
2025m6,71,1081,1522072841,222,1602378827,110,496016066,131,98246855,1544,3718714589,14.37823834196891,43.08958885255284,70.01295336787565,40.93007958992897,8.484455958549223,2.641957392767257,7.124352331606218,13.33837416475094
2025m6,72,1804,1864018392,0,0,442,339261716,0,0,2246,2203280108,0,0,80.32056990204809,84.60197072681963,0,0,19.67943009795192,15.39802927318037
2025m6,73,5104,3182977831,0,0,285,72347653,0,0,5389,3255325484,0,0,94.71144924846911,97.77756008252967,0,0,5.288550751530896,2.222439917470323
2025m6,74,901,2140991743,173,198446107,111,241314708,56,31344636,1241,2612097194,13.94037066881547,7.597194601174554,72.60273972602739,81.96447467260668,4.512489927477841,1.199979697233272,8.944399677679291,9.238351028985486
2025m6,75,204,158637688,8,78901294,11,1486942,15,6963319,238,245989243,3.361344537815126,32.07509931643636,85.71428571428571,64.48968502252758,6.302521008403361,2.830741261316049,4.621848739495799,.6044743997199911
2025m6,76,1521,1905176948,0,0,67,79285439,0,0,1588,1984462387,0,0,95.7808564231738,96.00468925390622,0,0,4.219143576826196,3.995310746093773
2025m6,78,33,13053127,8,5673078,8,82705929,1,17162763,50,118594897,16,4.783576817811984,66,11.00648285060697,2,14.47175505367655,16,69.73818527790449
2025m6,79,75,60371823,11,5110135,15,139244567,6,2958662,107,207685187,10.2803738317757,2.460519728833622,70.09345794392523,29.068911400022,5.607476635514018,1.424589804760606,14.01869158878505,67.04597906638378
2025m6,80,45,3614077,28,66759556,8,1535282,1,14259,82,71923174,34.14634146341464,92.82064776507222,54.87804878048781,5.024913110758988,1.219512195121951,.0198253208347006,9.75609756097561,2.134613803334096
2025m6,81,330,200937001,98,75785990,38,30392937,18,3261294,484,310377222,20.24793388429752,24.41738137600832,68.18181818181817,64.73960933898687,3.71900826446281,1.050751720433918,7.851239669421488,9.792257564570896
2025m6,82,2382,882887355,20,2388811,114,15963976,7,1050055,2523,902290197,.7927070947284978,.2647497454746258,94.41141498216409,97.84960070889477,.2774474831549743,.1163766384131512,4.518430439952438,1.769272907217455
2025m6,83,1552,1085245044,12,882013,72,44914473,24,1715839,1660,1132757369,.7228915662650602,.0778642473788224,93.49397590361446,95.8056044215414,1.44578313253012,.1514745387632963,4.337349397590361,3.965056792316484
2025m6,84,16062,28538238106,530,420260073,837,519702995,3742,22214655594,21171,51692856768,2.503424495772519,.8129944817833288,75.86793254924189,55.20731468582007,17.67512162864296,42.97432369369801,3.953521326342639,1.005367138698586
2025m6,85,10907,23481077343,813,1453489634,569,337689155,2645,14059960733,14934,39332216865,5.443953394937727,3.695417522457007,73.03468595152002,59.69934881523236,17.71126289004955,35.74667754237706,3.810097763492701,.8585561199335668
2025m6,86,237,127033483,5,1739341,15,12323136,1,24690,258,141120650,1.937984496124031,1.232520541820067,91.86046511627907,90.01764305932548,.3875968992248062,.0174956677141155,5.813953488372093,8.73234073114034
2025m6,87,3186,25154071276,63,156174676,203,1773285649,7,75170497,3459,27158702098,1.821335646140503,.5750446963056489,92.10754553339116,92.6188268689481,.2023706273489448,.2767823614278521,5.868748193119399,6.529346073318382
2025m6,88,187,1158594436,27,256230068,24,464014123,197,286889831,435,2165728458,6.206896551724138,11.83112624546766,42.98850574712644,53.49675448555241,45.28735632183908,13.2468052465329,5.517241379310345,21.42531402244704
2025m6,89,205,179829371,14,4682270,39,34406140,3,80882,261,218998663,5.363984674329502,2.138035883808112,78.544061302682,82.1143693466293,1.149425287356322,.0369326455659686,14.94252873563219,15.71066212399662
2025m6,90,5232,9616248446,38,50378832,213,180850958,1609,871093627,7092,10718571863,.535815002820079,.4700144071796106,73.77326565143824,89.71576222010353,22.68753525098703,8.126956073383001,3.003384094754653,1.687267299333868
2025m6,91,748,397265533,11,259847,70,2754674,5,144914,834,400424968,1.3189448441247,.0648928065844286,89.68824940047962,99.21097952113715,.5995203836930456,.0361900509660526,8.393285371702639,.6879376213123652
2025m6,92,483,89174492,11,1508338,16,6227354,2,4945,512,96915129,2.1484375,1.556349370385711,94.3359375,92.01297353687679,.390625,.0051024025361407,3.125,6.425574690201362
2025m6,93,396,272163735,20,9943479,46,37966094,1,3013,463,320076321,4.319654427645788,3.106596254585168,85.52915766738661,85.03088705521581,.2159827213822894,.0009413379879482,9.935205183585314,11.86157535221107
2025m6,94,4815,4657377436,32,5695738,206,24916848,181,53641109,5234,4741631131,.6113870844478411,.1201219125368527,91.99465036301108,98.22310735119896,3.458158196408101,1.131279669759701,3.935804356132977,.525491066504473
2025m6,95,1346,2347463712,23,6404051,57,26424045,4,705619,1430,2380997427,1.608391608391608,.2689650533587074,94.12587412587412,98.59161061579761,.2797202797202797,.0296354373170854,3.986013986013986,1.109788893526595
2025m6,96,1009,523290984,35,16594582,91,97473643,11,872628,1146,638231837,3.054101221640489,2.600086839604023,88.04537521815008,81.9907365417122,.9598603839441536,.1367258650244989,7.940663176265271,15.27245075365929
2025m6,97,35,17544543,204,22072662,16,1928773,420,363333279,675,404879257,30.22222222222222,5.451665309690093,5.185185185185185,4.333277809784165,62.22222222222222,89.73867460935396,2.37037037037037,.4763822711717731
2025m6,98,1,41219815,1975,8719092419,0,0,73,706607073,2049,9466919307,96.38848218643241,92.10063101048041,.0488042947779405,.4354089610705921,3.562713518789653,7.463960028448989,0,0
2025m6,99,0,0,219,2507074983,0,0,0,0,219,2507074983,100,100,0,0,0,0,0,0
2025m7,01,73,35742981,40,188295280,16,17757051,73,24823736,202,266619048,19.8019801980198,70.62334121003988,36.13861386138614,13.40601178652472,36.13861386138614,9.310563587339791,7.920792079207921,6.660083416095612
2025m7,02,184,974861388,102,392382487,20,168216074,1,421092,307,1535881041,33.22475570032573,25.54771343127739,59.93485342019545,63.47245404925862,.3257328990228013,.0274169671191351,6.514657980456026,10.95241555234485
2025m7,03,1253,1313418080,219,238037299,133,328356380,39,43689947,1644,1923501706,13.32116788321168,12.37520602438187,76.21654501216545,68.28265740046086,2.372262773722627,2.271375526401535,8.090024330900244,17.07076104875573
2025m7,04,487,283521194,47,29185467,38,8530226,8,8058791,580,329295678,8.103448275862068,8.862997284768493,83.9655172413793,86.09927580039481,1.379310344827586,2.447281133158389,6.551724137931035,2.590445781678313
2025m7,05,183,88423718,31,7650613,10,11204468,7,1804740,231,109083539,13.41991341991342,7.013535745297006,79.22077922077922,81.06055121662307,3.03030303030303,1.654456773720919,4.329004329004329,10.27145626435901
2025m7,06,244,146532110,40,16850172,45,11425942,15,5963497,344,180771721,11.62790697674419,9.321243337612524,70.93023255813954,81.05919951937615,4.36046511627907,3.298910342287442,13.08139534883721,6.320646800723881
2025m7,07,862,263380672,328,522930537,130,218126472,0,0,1320,1004437681,24.84848484848485,52.06201906716401,65.30303030303031,26.22170364395161,0,0,9.848484848484848,21.71627728888438
2025m7,08,578,919413021,106,248903505,80,382797817,3,2165545,767,1553279888,13.82007822685789,16.0243821427758,75.35853976531942,59.19171606501867,.3911342894393742,.1394175651619588,10.43024771838331,24.64448422704357
2025m7,09,866,1293736839,28,17370570,80,76528862,9,6632341,983,1394268612,2.848423194303153,1.245855343116625,88.09766022380468,92.78964095334594,.9155645981688708,.47568602942917,8.138351983723297,5.488817674108266
2025m7,10,199,155776873,43,35183835,19,68230362,0,0,261,259191070,16.47509578544061,13.57447808676433,76.24521072796935,60.10117285290731,0,0,7.279693486590038,26.32434906032835
2025m7,11,365,97719980,39,63279334,45,19085776,0,0,449,180085090,8.685968819599109,35.13857477040437,81.29175946547885,54.2632263448351,0,0,10.02227171492205,10.59819888476053
2025m7,12,457,146211667,68,31770952,53,41507498,141,44396442,719,263886559,9.457579972183588,12.03962495111394,63.56050069541029,55.40701563356245,19.6105702364395,16.82406340369916,7.37134909596662,15.72929601162445
2025m7,13,79,85297143,14,8253862,3,97286,91,80469042,187,174117333,7.48663101604278,4.740402266556655,42.24598930481284,48.98831238128372,48.66310160427808,46.2154115351629,1.60427807486631,.055873816996726
2025m7,14,14,4021449,8,6315270,0,0,37,7517783,59,17854502,13.5593220338983,35.37074290842725,23.72881355932203,22.52344534728552,62.71186440677966,42.10581174428724,0,0
2025m7,15,460,1076812951,57,76225326,40,91812331,46,245549259,603,1490399867,9.452736318407959,5.114421148831195,76.28524046434494,72.24993606363492,7.628524046434494,16.47539458616981,6.633499170812604,6.16024820136407
2025m7,16,652,484957915,86,145892925,29,11100576,5,7209001,772,649160417,11.13989637305699,22.47409441170533,84.4559585492228,74.70540444242766,.6476683937823834,1.110511487024324,3.756476683937824,1.709989658842677
2025m7,17,423,399814888,29,51192675,65,215465708,2,1545926,519,668019197,5.587668593448941,7.663353872149275,81.50289017341041,59.85080814975442,.3853564547206166,.2314193973680071,12.52408477842004,32.2544185807283
2025m7,18,374,791023617,21,57230258,53,244384311,2,4495464,450,1097133650,4.666666666666667,5.216343332464554,83.11111111111111,72.09911180830156,.4444444444444444,.4097462510606615,11.77777777777778,22.27479860817322
2025m7,19,761,664235430,39,87256277,82,452871417,265,163508799,1147,1367871923,3.400174367916303,6.378980044318082,66.34699215344376,48.5597678284972,23.10374891020052,11.95351671824614,7.149084568439407,33.10773540893857
2025m7,20,1837,874897659,185,96830708,196,267778851,133,112296863,2351,1351804081,7.868991918332624,7.163072619840685,78.13696299447044,64.72074402621958,5.6571671629094,8.30718478945027,8.336877924287538,19.80899856448946
2025m7,21,1053,890642433,55,41458608,132,99994856,14,3400898,1254,1035496795,4.385964912280701,4.003740832437825,83.97129186602871,86.01112406147041,1.116427432216906,.3284315331946537,10.52631578947368,9.656703572897104
2025m7,22,1046,2135293963,57,137991916,124,105733451,0,0,1227,2379019330,4.645476772616137,5.800369684259774,85.24857375713123,89.75521703726552,0,0,10.10594947025265,4.444413278474706
2025m7,23,231,323170167,28,16487131,21,138228191,2,322633,282,478208122,9.929078014184398,3.447689456014718,81.91489361702128,67.57939736540067,.7092198581560284,.067467068240217,7.446808510638298,28.9054461103444
2025m7,24,114,286657795,3,4631732,15,4273958,0,0,132,295563485,2.272727272727273,1.567085325171342,86.36363636363636,96.98687745544751,0,0,11.36363636363636,1.446037219381142
2025m7,25,381,297038201,97,108423170,55,37518380,16,12671098,549,455650849,17.66848816029144,23.79523054504393,69.39890710382514,65.18987107165469,2.914389799635701,2.780878830316851,10.01821493624772,8.234019552984527
2025m7,26,26,47060140,46,240064898,19,93259275,3,2120019,94,382504332,48.93617021276596,62.7613540335015,27.65957446808511,12.30316523578614,3.191489361702128,.554247056213732,20.21276595744681,24.38123367449862
2025m7,27,141,3263474450,267,1601049927,128,8340200167,106,4917178708,642,18121903252,41.58878504672897,8.834888392990964,21.96261682242991,18.00845311123616,16.51090342679128,27.13389780103434,19.93769470404984,46.02276069473854
2025m7,28,945,462863295,271,447552734,231,142443293,107,166614692,1554,1219474014,17.43886743886744,36.70047322549999,60.81081081081081,37.9559785355131,6.885456885456885,13.6628325070648,14.86486486486486,11.68071573192211
2025m7,29,2673,1950541670,436,358339004,936,710981881,95,32894921,4140,3052757476,10.53140096618358,11.73820740157611,64.56521739130436,63.89441956443185,2.294685990338164,1.077547799280207,22.60869565217391,23.28982523471183
2025m7,30,262,694203544,917,12313504951,77,202023429,80,2474779394,1336,15684511318,68.6377245508982,78.50741856948176,19.61077844311377,4.426045095860347,5.988023952095809,15.77849219414233,5.763473053892216,1.288044140515567
2025m7,31,107,279704946,66,75605017,25,200237731,14,10880392,212,566428086,31.13207547169811,13.34768152721862,50.47169811320755,49.38048675785473,6.60377358490566,1.920877913529168,11.79245283018868,35.35095380139748
2025m7,32,1096,404834802,35,4811182,75,13464094,0,0,1206,423110078,2.902155887230514,1.137099362591878,90.87893864013267,95.68072779396192,0,0,6.218905472636816,3.182172843446192
2025m7,33,953,1845528440,27,1672415,37,40276049,152,35491596,1169,1922968500,2.309666381522669,.0869704833958539,81.52266894781864,95.9728898315287,13.00256629597947,1.845667050708319,3.165098374679213,2.094472634367126
2025m7,34,799,470667454,27,7251104,73,65630651,1,4170,900,543553379,3,1.334018751449984,88.77777777777777,86.59084317825572,.1111111111111111,.0007671739632401,8.111111111111111,12.07437089633105
2025m7,35,272,291564557,10,2341712,20,9797299,32,67472346,334,371175914,2.994011976047904,.6308900744028343,81.43712574850299,78.55158322584477,9.580838323353294,18.17799686215631,5.988023952095809,2.639529837596089
2025m7,36,81,54420193,7,8748297,15,12482574,0,0,103,75651064,6.796116504854369,11.56401052072447,78.64077669902912,71.93579326260368,0,0,14.5631067961165,16.50019621667185
2025m7,37,125,134830909,4,356529,7,574086,0,0,136,135761524,2.941176470588235,.2626141704184169,91.91176470588235,99.31452227952302,0,0,5.147058823529411,.4228635500585571
2025m7,38,1221,1695840007,125,89047815,108,60762551,47,131764053,1501,1977414426,8.327781479013991,4.503244935869604,81.34576948700865,85.7604751286466,3.13124583610926,6.663451589484865,7.195203197868088,3.072828345998928
2025m7,39,5927,5891889573,65,61374951,452,303573308,56,3502189,6500,6260340021,1,.9803772765396253,91.18461538461538,94.11452977371754,.8615384615384615,.055942472585388,6.953846153846153,4.849150477157445
2025m7,40,2831,2832948840,111,156203529,121,45119488,129,70451041,3192,3104722898,3.477443609022556,5.031158468300768,88.69047619047619,91.24643110098259,4.041353383458646,2.26915712978389,3.790726817042606,1.453253300932752
2025m7,41,366,26796256,35,5461419,28,2888370,0,0,429,35146045,8.158508158508159,15.53921358719025,85.31468531468531,76.24259287211406,0,0,6.526806526806526,8.218193540695689
2025m7,42,2284,1170720054,10,379644,107,16627962,0,0,2401,1187727660,.4164931278633903,.0319638931369166,95.12703040399833,98.56805507080638,0,0,4.456476468138275,1.3999810360567
2025m7,43,145,16756442,6,40506,13,247691,0,0,164,17044639,3.658536585365853,.2376465702793706,88.41463414634147,98.3091633680244,0,0,7.926829268292683,1.453190061696232
2025m7,44,1138,1025011755,842,544478548,265,375734969,189,131564445,2434,2076789717,34.59326211996714,26.21731721527009,46.75431388660641,49.35558697202467,7.764995891536565,6.334991160782987,10.88742810188989,18.09210465192225
2025m7,45,13,1376100,3,25012,3,161053,51,21314807,70,22876972,4.285714285714286,.1093326511917749,18.57142857142857,6.015219147009491,72.85714285714285,93.17145206105074,4.285714285714286,.7039961407479975
2025m7,46,201,44420349,11,668079,16,2163637,16,1729173,244,48981238,4.508196721311475,1.363948783818,82.37704918032787,90.68849791015899,6.557377049180328,3.530276225357962,6.557377049180328,4.41727708066505
2025m7,47,40,206589347,10,31079983,11,112226059,0,0,61,349895389,16.39344262295082,8.882650065445704,65.57377049180327,59.04317504452739,0,0,18.0327868852459,32.07417489002692
2025m7,48,2106,1147157916,116,175038277,95,218979167,108,18974890,2425,1560150250,4.783505154639175,11.21932179288501,86.84536082474227,73.52868199713457,4.453608247422681,1.216221963237195,3.917525773195876,14.03577424674322
2025m7,49,83,294468775,402,42206200,34,6669276,326,121760325,845,465104576,47.57396449704142,9.074561330482373,9.822485207100591,63.3123796657722,38.57988165680473,26.17912858376177,4.023668639053255,1.433930419983655
2025m7,50,57,2438889,1,10398,1,7994,58,5226131,117,7683412,.8547008547008548,.1353305016052764,48.71794871794872,31.74226502496547,49.57264957264957,68.01836215473021,.8547008547008548,.1040423186990363
2025m7,51,377,17241854,17,737877,30,3025554,0,0,424,21005285,4.009433962264151,3.512815941321434,88.91509433962264,82.0834090087328,0,0,7.075471698113208,14.40377504994576
2025m7,52,1294,60166127,37,2796463,97,2690600,0,0,1428,65653190,2.591036414565826,4.259447256104387,90.61624649859944,91.64235127036477,0,0,6.792717086834734,4.098201473530836
2025m7,53,302,21358298,3,64171,8,183023,0,0,313,21605492,.9584664536741214,.2970124447987577,96.48562300319489,98.85587423790211,0,0,2.55591054313099,.8471133172991385
2025m7,54,1083,155675368,44,1336136,61,6324432,0,0,1188,163335936,3.703703703703703,.818029413931298,91.16161616161617,95.30993106134341,0,0,5.134680134680135,3.872039524725288
2025m7,55,870,125171763,40,4955874,30,5235984,2,344147,942,135707768,4.246284501061571,3.651872013693424,92.35668789808918,92.236255038842,.2123142250530786,.2535941789271783,3.184713375796179,3.858278768537406
2025m7,56,1000,229174568,20,2973623,52,8389666,0,0,1072,240537857,1.865671641791045,1.236239083979201,93.28358208955224,95.27588333008221,0,0,4.850746268656716,3.487877585938583
2025m7,57,743,282746088,6,99840,15,635049,0,0,764,283480977,.7853403141361256,.0352192944502234,97.25130890052355,99.74076249920643,0,0,1.963350785340314,.2240182063433484
2025m7,58,857,73284591,14,119037,39,755061,0,0,910,74158689,1.538461538461539,.1605165916565758,94.17582417582418,98.82131411465485,0,0,4.285714285714286,1.018169293688566
2025m7,59,795,238252700,20,5193182,33,5452715,0,0,848,248898597,2.358490566037736,2.086464955043519,93.75,95.7227975053632,0,0,3.891509433962264,2.190737539593283
2025m7,60,467,64040001,22,1029757,20,2339466,0,0,509,67409224,4.322200392927308,1.527620314988346,91.74852652259332,95.00183684060805,0,0,3.929273084479371,3.470542844403609
2025m7,61,8827,4438086458,71,2793125,354,53778573,0,0,9252,4494658156,.7674016428880241,.0621432131890032,95.40639861651535,98.74135705015783,0,0,3.826199740596628,1.196499736653165
2025m7,62,11080,3194707100,100,4618911,408,40149738,0,0,11588,3239475749,.862961684501208,.1425820520936396,95.61615464273386,98.61802796289432,0,0,3.52088367276493,1.239389985012047
2025m7,63,2548,1334523966,31,1728399,101,13295259,0,0,2680,1349547624,1.156716417910448,.1280724717870349,95.07462686567165,98.88676340628346,0,0,3.76865671641791,.9851641219294978
2025m7,64,2708,2410268703,35,1487235,85,8479885,1,3120,2829,2420238943,1.237186284906327,.0614499243680668,95.72287027218098,99.5880472864534,.0353481795687522,.0001289128913913,3.004595263343938,.3503738762871398
2025m7,65,860,264100381,4,52224,48,3600030,0,0,912,267752635,.4385964912280702,.0195045699550258,94.2982456140351,98.63595964237662,0,0,5.263157894736842,1.344535787668345
2025m7,66,122,26799144,1,2311,6,211043,0,0,129,27012498,.7751937984496124,.0085552991063618,94.57364341085271,99.21016560556525,0,0,4.651162790697675,.781279095328392
2025m7,67,182,202090898,2,89843,8,349422,0,0,192,202530163,1.041666666666667,.0443603059757573,94.79166666666666,99.78311131858419,0,0,4.166666666666666,.1725283754400573
2025m7,68,1104,748160889,42,20046511,57,52312281,44,9118269,1247,829637950,3.368083400160385,2.416296289242796,88.53247794707298,90.1792027474153,3.528468323977546,1.0990660444113,4.570970328789094,6.305434918930601
2025m7,69,1163,570332190,52,10408944,71,64574597,2,22113,1288,645337844,4.037267080745342,1.612944924395291,90.29503105590062,88.37730427599098,.15527950310559,.0034265772890269,5.512422360248447,10.0063242223247
2025m7,70,1997,707734227,106,20835970,113,60567790,0,0,2216,789137987,4.783393501805054,2.640345585087136,90.1173285198556,89.68447073376028,0,0,5.099277978339351,7.675183681152584
2025m7,71,1185,2080293408,269,10348849081,105,2045905684,131,290446037,1690,14765494210,15.91715976331361,70.08806433306644,70.11834319526628,14.08888438418209,7.751479289940828,1.967059367395194,6.21301775147929,13.85599191535628
2025m7,72,1792,2003091587,0,0,408,301012740,0,0,2200,2304104327,0,0,81.45454545454545,86.93580249502305,0,0,18.54545454545455,13.06419750497695
2025m7,73,5158,3429263961,0,0,333,87501257,0,0,5491,3516765218,0,0,93.93553086869423,97.51188232435481,0,0,6.064469131305773,2.488117675645187
2025m7,74,701,2334954167,166,314811404,320,766590738,46,26451175,1233,3442807484,13.46309813463098,9.144031592328211,56.85320356853204,67.82122374984357,3.73073803730738,.7683024718323169,25.9529602595296,22.2664421859959
2025m7,75,219,220682902,8,77531111,12,393216,14,8387720,253,306994949,3.162055335968379,25.25484906267953,86.56126482213439,71.88486413826959,5.533596837944664,2.73220130406771,4.743083003952568,.1280854949831764
2025m7,76,1488,1649257752,0,0,95,32912119,0,0,1583,1682169871,0,0,93.99873657612129,98.04347232896077,0,0,6.001263423878711,1.956527671039235
2025m7,78,33,28603701,12,17897907,11,41002819,0,0,56,87504427,21.42857142857143,20.45371601599082,58.92857142857143,32.68829015930817,0,0,19.64285714285714,46.857993824701
2025m7,79,73,86190501,7,8360225,18,79573346,7,1151397,105,175275469,6.666666666666667,4.769763303272063,69.52380952380952,49.17430915560693,6.666666666666667,.6569070997607771,17.14285714285714,45.39902044136022
2025m7,80,40,5784581,31,68990918,8,1409765,1,28441,80,76213705,38.75,90.52298139816192,50,7.589948553216249,1.25,.0373174352303172,10,1.849752613391515
2025m7,81,295,223580553,96,83974931,93,43931772,9,1436915,493,352924171,19.47261663286004,23.7940435652394,59.83772819472617,63.35087573245302,1.825557809330629,.4071455338206348,18.86409736308316,12.44793516848694
2025m7,82,2408,1040979414,25,3452832,113,18873097,1,7829,2547,1063313172,.9815469179426776,.3247238998747211,94.54259913623872,97.89960675856275,.0392618767177071,.0007362835527819,4.436592069100903,1.774933058009743
2025m7,83,1577,1230271840,13,9367970,87,34364678,23,1493797,1700,1275498285,.7647058823529412,.7344557111654603,92.76470588235294,96.45421357818603,1.352941176470588,.117114779186081,5.11764705882353,2.694215931462424
2025m7,84,16648,30600594642,581,1366357904,753,1022075965,3706,24659450177,21688,57648478688,2.678900774621911,2.370154312995632,76.7613426779786,53.08135676504811,17.08779048321653,42.77554367125575,3.471966064182958,1.772945250700524
2025m7,85,11258,25082909824,888,1147488775,601,541423648,2697,14922145891,15444,41693968138,5.749805749805749,2.752169741200947,72.89562289562289,60.15956490631882,17.46309246309247,35.78969946350564,3.891478891478892,1.298565888974585
2025m7,86,269,159990002,13,6019540,18,18459913,0,0,300,184469455,4.333333333333334,3.263163541085976,89.66666666666666,86.72980683983698,0,0,6,10.00702961907704
2025m7,87,3272,24660638641,64,140996132,211,1284152706,1,172640,3548,26085960119,1.803833145434047,.5405058175232887,92.22096956031567,94.536058970044,.028184892897407,.000661811944864,5.947012401352874,4.922773400487848
2025m7,88,186,1390055739,45,117677437,24,105619977,206,518390091,461,2131743244,9.761388286334057,5.520244397687886,40.3470715835141,65.20746543526984,44.68546637744035,24.31766079048495,5.206073752711497,4.954629376557321
2025m7,89,201,136638466,15,4513941,43,24827905,0,0,259,165980312,5.791505791505791,2.719564113122043,77.60617760617761,82.32209251420133,0,0,16.6023166023166,14.95834337267663
2025m7,90,5335,10112888008,51,49168030,258,93694355,1611,994836153,7255,11250586546,.7029634734665747,.4370263701271739,73.5354927636113,89.8876513384585,22.20537560303239,8.842527000102951,3.556168159889731,.8327952913113834
2025m7,91,812,775358660,13,337858,86,3338185,6,231854,917,779266557,1.417666303162486,.0433558962546368,88.54961832061069,99.49851601292316,.6543075245365322,.0297528487418459,9.378407851690294,.4283752420803554
2025m7,92,532,128642889,12,1339881,21,1705579,0,0,565,131688349,2.123893805309734,1.017463587458295,94.15929203539824,97.68737323907068,0,0,3.716814159292035,1.295163173471026
2025m7,93,416,304180844,20,8593823,51,62061366,0,0,487,374836033,4.106776180698152,2.292688600724787,85.42094455852155,81.15037435581867,0,0,10.47227926078029,16.55693704345655
2025m7,94,4962,5246286150,34,5241725,191,39388441,189,65860743,5376,5356777059,.6324404761904762,.0978522149095845,92.29910714285714,97.93736219030504,3.515625,1.229484488053248,3.552827380952381,.7353011067321329
2025m7,95,1384,3530371914,27,7359895,51,24169935,0,0,1462,3561901744,1.846785225718194,.2066282432522934,94.66484268125855,99.11480348796505,0,0,3.488372093023256,.6785682687826551
2025m7,96,1069,614853420,40,19992939,77,81964682,5,602317,1191,717413358,3.358522250209908,2.786808856714932,89.75650713685978,85.70420569169274,.4198152812762385,.083956758441066,6.465155331654072,11.42502869315126
2025m7,97,33,16480697,259,21717790,20,2007805,395,461148010,707,501354302,36.63366336633663,4.331824802013966,4.667609618104668,3.287235580557559,55.86987270155587,91.98046334905091,2.828854314002829,.4004762683775674
2025m7,98,1,51802365,2002,9260513933,0,0,76,790294940,2079,10102611238,96.29629629629629,91.6645579527743,.0481000481000481,.5127621342604017,3.655603655603656,7.82267991296529,0,0
2025m7,99,0,0,223,2756017050,0,0,0,0,223,2756017050,100,100,0,0,0,0,0,0
2025m8,01,61,26429249,30,168341328,11,7609184,70,13135308,172,215515069,17.44186046511628,78.11116354003069,35.46511627906977,12.26329514805296,40.69767441860465,6.094844347055843,6.395348837209303,3.530696964860494
2025m8,02,204,837040834,107,399149250,21,181671144,1,290971,333,1418152199,32.13213213213213,28.14572725561172,61.26126126126125,59.02334281117594,.3003003003003003,.0205176144143891,6.306306306306306,12.81041231879795
2025m8,03,1151,1181315125,201,180618299,123,118194110,39,38125950,1514,1518253484,13.27608982826949,11.89645213420765,76.02377807133422,77.80750299269525,2.575957727873183,2.511171579830868,8.124174372523116,7.784873293266226
2025m8,04,431,250274571,41,26078660,44,8609493,10,8856673,526,293819397,7.79467680608365,8.875744850841144,81.93916349809885,85.17973066291468,1.901140684410646,3.014325497373477,8.365019011406844,2.930198988870704
2025m8,05,165,80192554,24,4648071,15,9822465,9,2150193,213,96813283,11.26760563380282,4.801067432038226,77.46478873239437,82.83218119976368,4.225352112676056,2.220968996578703,7.042253521126761,10.1457823716194
2025m8,06,251,149657073,40,21912548,45,19974622,9,6187610,345,197731853,11.59420289855072,11.08195147496038,72.7536231884058,75.68688136453159,2.608695652173913,3.129293488186752,13.04347826086956,10.10187367232127
2025m8,07,815,274307007,305,448882062,139,222369537,3,35018579,1262,980577185,24.16798732171157,45.77733082786339,64.58003169572108,27.97403521070093,.2377179080824089,3.571221066090784,11.01426307448495,22.6774128953449
2025m8,08,540,909107612,102,212360918,85,364968386,2,351490,729,1486788406,13.9917695473251,14.28319706711514,74.07407407407408,61.14572916571424,.2743484224965706,.0236408892201168,11.65980795610425,24.54743287795049
2025m8,09,846,1115352389,23,13224166,72,13900599,5,4959425,946,1147436579,2.431289640591966,1.152496464033329,89.4291754756871,97.20383761619648,.5285412262156448,.4322177879602007,7.610993657505285,1.211448131809993
2025m8,10,202,119164519,41,26552467,22,61384739,0,0,265,207101725,15.47169811320755,12.82097819320433,76.22641509433963,57.53912431197761,0,0,8.30188679245283,29.63989749481807
2025m8,11,330,82001692,40,61862845,49,32650104,1,728347,420,177242988,9.523809523809524,34.90284478842119,78.57142857142857,46.26512615551256,.2380952380952381,.4109313480993674,11.66666666666667,18.42109770796688
2025m8,12,393,111090767,73,29455082,55,28418395,126,35762481,647,204726725,11.28284389489954,14.38751193817026,60.741885625966,54.26295321238592,19.47449768160742,17.46839891079194,8.500772797527048,13.88113593865188
2025m8,13,73,50833953,12,7257777,2,435540,83,85057995,170,143585265,7.058823529411764,5.054680924257792,42.94117647058823,35.40332150377687,48.8235294117647,59.2386656109873,1.176470588235294,.3033319609780293
2025m8,14,12,1989704,7,7073328,1,883517,39,4710803,59,14657352,11.86440677966102,48.25788450737895,20.33898305084746,13.57478485882034,66.10169491525424,32.13952288244153,1.694915254237288,6.027807751359181
2025m8,15,413,555092376,57,62576304,49,444224336,48,162899394,567,1224792410,10.05291005291005,5.109135514646111,72.83950617283951,45.32134355731352,8.465608465608465,13.30016357629127,8.641975308641975,36.26935735174911
2025m8,16,615,417648811,86,122650713,41,6774532,7,10446083,749,557520139,11.48197596795728,21.99933319359429,82.10947930574099,74.91187883349268,.9345794392523363,1.873669176998106,5.473965287049399,1.215118795914922
2025m8,17,391,252993376,29,37343365,50,163245407,2,542811,472,454124959,6.14406779661017,8.223147453122039,82.83898305084746,55.71007956865019,.423728813559322,.1195289951019847,10.59322033898305,35.9472439831258
2025m8,18,362,675016994,17,54592052,58,251586059,6,5026233,443,986221338,3.837471783295711,5.535476661933672,81.7155756207675,68.44477684582404,1.354401805869075,.5096455335465475,13.09255079006772,25.51010095869575
2025m8,19,718,789682741,45,97969525,81,261614939,238,155620200,1082,1304887405,4.158964879852125,7.507891073559716,66.35859519408503,60.51730884780822,21.99630314232902,11.92594850741164,7.486136783733826,20.04885157122043
2025m8,20,1761,748772181,196,88325461,214,231673167,111,82197762,2282,1150968571,8.588957055214724,7.674011543448131,77.16914986853637,65.05583209361153,4.864154250657318,7.141616554184779,9.377738825591585,20.12853980875556
2025m8,21,990,796069528,40,29804372,132,48807104,17,3741336,1179,878422340,3.392705682782018,3.392943307885362,83.96946564885496,90.62491830524255,1.441899915182358,.4259153973702445,11.19592875318066,5.556222989501839
2025m8,22,931,1453561000,53,129518279,128,384416194,0,0,1112,1967495473,4.766187050359712,6.582900991508406,83.72302158273382,73.87874686103535,0,0,11.51079136690648,19.53835214745625
2025m8,23,221,315156201,30,18094505,24,99481121,1,31820,276,432763647,10.8695652173913,4.181151796236711,80.07246376811594,72.82409305511746,.3623188405797101,.0073527432862215,8.695652173913043,22.98740240535962
2025m8,24,120,273517393,4,3833325,18,7418884,0,0,142,284769602,2.816901408450704,1.346114533671329,84.50704225352112,96.04866217427238,0,0,12.67605633802817,2.605223292056292
2025m8,25,386,227969027,96,94646647,64,88409627,14,3270778,560,414296079,17.14285714285714,22.84517083252434,68.92857142857143,55.02562987085378,2.5,.7894783865429729,11.42857142857143,21.3397209100789
2025m8,26,29,20492993,51,210088495,24,39740491,5,5519094,109,275841073,46.78899082568807,76.16287622257038,26.60550458715597,7.429275407437238,4.587155963302752,2.000823858454176,22.01834862385321,14.40702451153821
2025m8,27,91,8542127631,266,4963299421,191,3315597029,55,760254615,603,17581278696,44.11276948590381,28.23059407009584,15.09121061359867,48.58649805115404,9.12106135986733,4.32422822108479,31.67495854063018,18.85867965766533
2025m8,28,810,368450207,245,862290821,314,146821433,127,172270701,1496,1549833162,16.37700534759358,55.63765456452402,54.14438502673797,23.7735400192708,8.489304812834225,11.11543521095466,20.98930481283422,9.473370205250518
2025m8,29,2043,1360185624,375,310923699,1374,849379754,93,67118273,3885,2587607350,9.652509652509652,12.01587632683143,52.58687258687259,52.56537951942361,2.393822393822394,2.59383530503575,35.36679536679537,32.82490884870921
2025m8,30,279,1047376122,706,9021642330,204,1667568593,99,1472448374,1288,13209035419,54.81366459627329,68.29902444672975,21.66149068322981,7.929240014705726,7.686335403726709,11.14728159394604,15.83850931677019,12.6244539446185
2025m8,31,92,70992880,58,139329046,31,458832091,14,2082178,195,671236195,29.74358974358974,20.75708178996516,47.17948717948718,10.57643800033757,7.179487179487179,.310200495073124,15.8974358974359,68.35627971462415
2025m8,32,1033,362081707,33,3743915,104,31294297,0,0,1170,397119919,2.820512820512821,.9427668623189863,88.29059829059828,91.17691903034458,0,0,8.888888888888889,7.88031410733643
2025m8,33,884,1487121789,17,2806433,50,14072982,146,31520834,1097,1535522038,1.549680948040109,.1827673540690661,80.58340929808568,96.84796129249693,13.30902461257976,2.052776399162302,4.557885141294439,.9164949542717016
2025m8,34,746,492631042,17,4253822,98,30383983,0,0,861,527268847,1.974448315911731,.8067652819245739,86.64343786295005,93.43071277639888,0,0,11.38211382113821,5.762521941676558
2025m8,35,259,186474936,10,1597753,30,42962918,31,55452929,330,286488536,3.03030303030303,.5577022460682336,78.48484848484848,65.08984219878174,9.393939393939393,19.35607259342482,9.090909090909092,14.99638296172521
2025m8,36,80,44917755,8,9368494,14,15610842,0,0,102,69897091,7.84313725490196,13.4032673834738,78.43137254901961,64.26269585382316,0,0,13.72549019607843,22.33403676270304
2025m8,37,114,118549278,3,1296623,12,1158968,0,0,129,121004869,2.325581395348837,1.071546137536003,88.37209302325581,97.97066761007774,0,0,9.302325581395349,.9577862523862573
2025m8,38,1131,1501573082,111,69641500,143,75517133,48,143097484,1433,1789829199,7.745987438939288,3.890957865639335,78.92533147243545,83.89476955895834,3.349616189811584,7.99503573189835,9.979064898813677,4.219236843503971
2025m8,39,5618,5402810640,70,64198269,627,280636124,42,4144279,6357,5751789312,1.101148340412144,1.116144307755896,88.37501966336322,93.93269375719441,.6606890042472865,.0720519959128851,9.863142991977348,4.879109939136797
2025m8,40,2740,2730214833,98,81595870,127,53139481,123,126155579,3088,2991105763,3.173575129533679,2.727950011308243,88.73056994818653,91.27777649231858,3.983160621761658,4.217690345842846,4.112694300518135,1.776583150530341
2025m8,41,286,24035071,24,3291955,24,1092826,1,7560,335,28427412,7.164179104477612,11.58021349252616,85.37313432835822,84.54892411592022,.2985074626865672,.0265940494336945,7.164179104477612,3.844268342119923
2025m8,42,2216,1071996718,8,212514,190,7815344,0,0,2414,1080024576,.3314001657000828,.0196767744662877,91.79784589892294,99.25669672909369,0,0,7.870753935376968,.7236264964400217
2025m8,43,133,15188838,10,888018,11,266486,0,0,154,16343342,6.493506493506493,5.433515372804411,86.36363636363636,92.93593684816729,0,0,7.142857142857142,1.630547779028304
2025m8,44,1002,600908611,825,450563747,397,531547411,190,90055625,2414,1673075394,34.17564208782105,26.93027155953738,41.50787075393538,35.91640957454664,7.870753935376968,5.382639976832987,16.44573322286661,31.77067888908299
2025m8,45,13,1340789,3,28890,1,27102,44,20991056,61,22387837,4.918032786885246,.1290432836365568,21.31147540983606,5.988917107088104,72.1311475409836,93.76098280508296,1.639344262295082,.1210568041923836
2025m8,46,177,34315407,9,297922,13,4142734,10,1894163,209,40650226,4.30622009569378,.7328913743308586,84.688995215311,84.41627606203222,4.784688995215311,4.659661670761682,6.220095693779904,10.19117089287523
2025m8,47,36,264486483,12,20427664,12,31935315,0,0,60,316849462,20,6.447119673506026,60,83.47386210805685,0,0,20,10.07901821843712
2025m8,48,2074,1203427041,115,169998495,108,174394284,107,21719316,2404,1569539136,4.78369384359401,10.83110902434994,86.27287853577371,76.67391104798804,4.450915141430949,1.383802130308906,4.492512479201332,11.11117779735312
2025m8,49,80,245450678,409,41164227,47,29679177,302,108918465,838,425212547,48.80668257756563,9.680858970513869,9.54653937947494,57.7242322061583,36.0381861575179,25.61506375304583,5.608591885441527,6.979845070281993
2025m8,50,52,1983535,0,0,3,12451,49,2171317,104,4167303,0,0,50,47.59757089897231,47.11538461538461,52.10365073046045,2.884615384615385,.298778370567247
2025m8,51,341,19494694,12,799059,50,636603,0,0,403,20930356,2.977667493796526,3.817703817364597,84.61538461538461,93.14076645423518,0,0,12.40694789081886,3.041529728400224
2025m8,52,1190,55021898,29,1700855,110,888704,0,0,1329,57611457,2.18209179834462,2.952286035744591,89.54100827689993,95.50513190457933,0,0,8.276899924755456,1.542582059676081
2025m8,53,282,22226324,2,85088,9,321819,0,0,293,22633231,.6825938566552902,.3759427896087836,96.24573378839591,98.20217007461287,0,0,3.071672354948805,1.421887135778361
2025m8,54,1071,137814459,43,1415911,70,2598754,0,0,1184,141829124,3.631756756756757,.9983217551283754,90.45608108108108,97.16936487600388,0,0,5.912162162162162,1.832313368867737
2025m8,55,809,107487730,42,4274013,35,3772844,0,0,886,115534587,4.740406320541761,3.69933637275217,91.30925507900677,93.03510991042016,0,0,3.950338600451468,3.265553716827672
2025m8,56,964,222512593,20,3303303,47,9008356,0,0,1031,234824252,1.939864209505335,1.406712880746236,93.50145489815714,94.75707517637488,0,0,4.558680892337536,3.836211942878881
2025m8,57,715,263152633,7,120418,14,3284708,0,0,736,266557759,.9510869565217392,.045175199720973,97.14673913043478,98.72255603709513,0,0,1.902173913043478,1.232268763183892
2025m8,58,829,69133192,5,35408,81,1859294,0,0,915,71027894,.546448087431694,.0498508374752038,90.60109289617486,97.33245364138207,0,0,8.852459016393443,2.617695521142722
2025m8,59,793,201270550,17,4258175,28,7935024,0,0,838,213463749,2.028639618138425,1.994800063218228,94.63007159904535,94.28792989108422,0,0,3.341288782816229,3.717270045697548
2025m8,60,480,53419403,15,1063326,18,2085298,0,0,513,56568027,2.923976608187134,1.879729692534619,93.56725146198829,94.43391582315573,0,0,3.508771929824561,3.686354484309661
2025m8,61,8775,4408290858,70,1890018,636,44456185,0,0,9481,4454637061,.7383187427486552,.0424281029883884,92.55352810884928,98.95959643029603,0,0,6.708153148402067,.9979754667155812
2025m8,62,10777,2891076753,99,4602731,942,25046928,0,0,11818,2920726412,.8377051954645456,.1575885704696397,91.19140294466068,98.98485325848452,0,0,7.970891859874767,.8575581710458404
2025m8,63,2477,1357334508,27,1163353,138,11667986,0,0,2642,1370165847,1.021953065859198,.0849059989742979,93.75473126419379,99.06351927921028,0,0,5.223315669947009,.8515747218154096
2025m8,64,2671,2442368364,44,2194565,172,6195849,0,0,2887,2450758778,1.524073432629027,.0895463486533312,92.51818496709386,99.65764015311017,0,0,5.957741600277104,.2528134982365041
2025m8,65,907,268024300,8,46970,53,3167294,0,0,968,271238564,.8264462809917356,.0173168591174226,93.69834710743802,98.81496791879491,0,0,5.475206611570248,1.167715222087667
2025m8,66,118,25498697,0,0,14,451978,0,0,132,25950675,0,0,89.39393939393939,98.25831890692631,0,0,10.60606060606061,1.741681093073687
2025m8,67,188,149706352,1,93227,10,452829,0,0,199,150252408,.5025125628140703,.0620469257304682,94.47236180904522,99.63657421051116,0,0,5.025125628140704,.3013788637583765
2025m8,68,1049,667700951,47,19562768,68,64573217,35,7789358,1199,759626294,3.919933277731443,2.575314750755587,87.48957464553794,87.89860965502598,2.919099249374479,1.025419744093271,5.67139282735613,8.500655850125167
2025m8,69,1126,549244516,52,11285787,74,52132681,0,0,1252,612662984,4.15335463258786,1.842087296724948,89.93610223642172,89.64871884605323,0,0,5.910543130990416,8.509193857221836
2025m8,70,1938,635539202,92,23628305,137,56892409,0,0,2167,716059916,4.2455006922012,3.299766468145663,89.43239501615136,88.75503122004109,0,0,6.322104291647439,7.945202311813247
2025m8,71,1119,1747395284,229,1957785109,118,473805261,120,179742327,1586,4358727981,14.43883984867591,44.91643244391763,70.55485498108449,40.08956951700171,7.566204287515762,4.123733524631713,7.440100882723834,10.87026451444895
2025m8,72,1721,1597818553,0,0,431,327601815,0,0,2152,1925420368,0,0,79.9721189591078,82.98543941652122,0,0,20.02788104089219,17.01456058347878
2025m8,73,4981,3126377864,0,0,310,50958887,0,0,5291,3177336751,0,0,94.14099414099414,98.39617607469646,0,0,5.859005859005859,1.603823925303535
2025m8,74,893,481436405,70,81007093,162,1165839955,8,1134662,1133,1729418115,6.17828773168579,4.684066409238462,78.81729920564872,27.83805725314725,.706090026478376,.0656094665690489,14.29832303618711,67.41226687104523
2025m8,75,193,174331408,10,60135209,22,7119278,15,8761808,240,250347703,4.166666666666666,24.02067535646612,80.41666666666667,69.63571301471059,6.25,3.499855558890429,9.166666666666666,2.843756069932864
2025m8,76,1447,1706061167,0,0,77,102840881,0,0,1524,1808902048,0,0,94.9475065616798,94.31473466937,0,0,5.05249343832021,5.685265330629997
2025m8,78,28,11891638,10,34288675,10,43432343,0,0,48,89612656,20.83333333333334,38.26320581325031,58.33333333333334,13.27004301713811,0,0,20.83333333333334,48.46675116961158
2025m8,79,58,29362354,6,6851749,27,134272003,5,1158166,96,171644272,6.25,3.99183084886165,60.41666666666666,17.10651550317974,5.208333333333334,.6747478296275451,28.125,78.22690581833106
2025m8,80,43,4153738,28,83501894,13,11642260,2,32298,86,99330190,32.55813953488372,84.06496957269486,50,4.181747764702756,2.325581395348837,.0325157940400597,15.11627906976744,11.72076686856232
2025m8,81,191,133280064,90,81472752,174,74143641,15,4309748,470,293206205,19.14893617021277,27.78684441551979,40.63829787234042,45.45608576053156,3.191489361702128,1.469869302390787,37.02127659574468,25.28720052155786
2025m8,82,2269,856752600,20,2785475,127,13305586,0,0,2416,872843661,.8278145695364238,.3191264512144976,93.91556291390728,98.15647844866459,0,0,5.256622516556291,1.524395100120914
2025m8,83,1556,1185431346,11,1376618,92,20711744,20,9343014,1679,1216862722,.6551518761167362,.1131284552572562,92.67421083978559,97.41701545854406,1.191185229303157,.7677952353281144,5.47945205479452,1.702060850870572
2025m8,84,17098,30376920881,530,506916908,841,703342290,2336,23184723757,20805,54771903836,2.547464551790435,.9255053640600641,82.18216774813747,55.4607723185151,11.2280701754386,42.32959260722529,4.042297524633502,1.284129710199545
2025m8,85,10745,23232270612,836,820223048,680,287305282,2575,14318107518,14836,38657906460,5.634942032892963,2.121747200275056,72.42518198975465,60.09707389622567,17.35643030466433,37.03797962472487,4.583445672688056,.7431992787743943
2025m8,86,234,121280116,2,1188363,15,13423622,3,124508,254,136016609,.7874015748031495,.8736896241840584,92.1259842519685,89.16566652532853,1.181102362204724,.0915388208215072,5.905511811023622,9.869105029665899
2025m8,87,3161,25761574848,40,114299670,219,448828873,0,0,3420,26324703391,1.169590643274854,.4341916727505361,92.42690058479532,97.8608361331337,0,0,6.403508771929825,1.704972194115766
2025m8,88,172,1285123546,40,116119694,31,226707762,187,170339531,430,1798290533,9.302325581395349,6.457226564290655,40,71.46362183512646,43.48837209302325,9.472303160926444,7.209302325581396,12.60684843965644
2025m8,89,176,114914796,14,2573093,37,400637782,0,0,227,518125671,6.167400881057269,.4966156174107035,77.5330396475771,22.17894276078052,0,0,16.29955947136564,77.32444162180877
2025m8,90,5087,8410433336,63,50583964,290,465444715,1551,755815958,6991,9682277973,.9011586325275354,.5224386672336658,72.76498355027893,86.86420034059479,22.18566728651123,7.806179084174905,4.148190530682306,4.807181907996641
2025m8,91,715,497978659,11,373876,98,2873360,5,178633,829,501404528,1.326899879372738,.0745657406588079,86.24849215922798,99.31674550015232,.6031363088057901,.0356265231015225,11.82147165259349,.5730622360873454
2025m8,92,441,99786464,10,1193598,26,9547673,0,0,477,110527735,2.09643605870021,1.079908133465324,92.45283018867924,90.28183197638131,0,0,5.450733752620545,8.638259890153362
2025m8,93,350,219182167,17,7945857,50,45056729,0,0,417,272184753,4.07673860911271,2.919288061664497,83.93285371702638,80.52698197977313,0,0,11.99040767386091,16.55372995856237
2025m8,94,4890,5117830766,41,5181588,202,44437872,187,78411642,5320,5245861868,.7706766917293233,.0987747701022767,91.9172932330827,97.55938861484333,3.515037593984963,1.494733257814405,3.796992481203008,.8471033572399814
2025m8,95,1318,3603018990,25,9234066,68,25949303,0,0,1411,3638202359,1.771793054571226,.2538084770671768,93.40892983699504,99.0329463419492,0,0,4.819277108433735,.7132451809836232
2025m8,96,1002,563617144,35,18853257,71,69566772,6,270709,1114,652307882,3.141831238779174,2.890239029796056,89.94614003590664,86.40354647745924,.5385996409335727,.041500188403365,6.373429084380611,10.66471430434134
2025m8,97,34,47007436,321,27683131,24,1749411,248,630574869,627,707014847,51.19617224880383,3.915495002327724,5.422647527910686,6.648719782825155,39.55342902711323,89.1883489682926,3.827751196172249,.2474362465545225
2025m8,98,1,33623849,1986,8793433970,0,0,62,800006054,2049,9627063873,96.92532942898976,91.34076688388873,.0488042947779405,.3492637988442273,3.025866276232309,8.30996931726704,0,0
2025m8,99,0,0,219,2584680148,0,0,0,0,219,2584680148,100,100,0,0,0,0,0,0
2025m9,01,65,29581205,31,220592996,11,8802426,73,14036584,180,273013211,17.22222222222222,80.79938519898219,36.11111111111111,10.83508189645812,40.55555555555556,5.141357060556311,6.111111111111111,3.224175844003388
2025m9,02,193,784586771,106,423930967,24,178019775,1,89915,324,1386627428,32.71604938271605,30.5728098579051,59.5679012345679,56.58237787288309,.308641975308642,.006484438298591,7.407407407407407,12.83832783091321
2025m9,03,1177,1198643345,210,180711816,103,52014837,40,39900477,1530,1471270475,13.72549019607843,12.28270525852835,76.9281045751634,81.4699516756088,2.61437908496732,2.711974288752039,6.73202614379085,3.535368777110817
2025m9,04,434,249280217,47,29539257,55,8485475,8,5404051,544,292709000,8.63970588235294,10.0916804744644,79.77941176470588,85.16315419068084,1.470588235294118,1.846219624268471,10.11029411764706,2.898945710586282
2025m9,05,160,61991169,23,7110240,8,13060231,10,1672495,201,83834135,11.44278606965174,8.4813184987237,79.60199004975125,73.94502132096908,4.975124378109453,1.995004779377756,3.980099502487562,15.57865540092947
2025m9,06,286,177428371,41,34162080,22,19412232,11,5440549,360,236443232,11.38888888888889,14.44832220868982,79.44444444444444,75.04057929642917,3.055555555555555,2.300995868640469,6.111111111111111,8.210102626240534
2025m9,07,899,262112103,321,462804102,104,264219784,0,0,1324,989135989,24.24471299093656,46.78872340575609,67.90030211480362,26.49909677889599,0,0,7.854984894259818,26.71217981534792
2025m9,08,573,1013249746,109,181522914,61,301113189,2,231963,745,1496117812,14.63087248322148,12.13292914127808,76.91275167785236,67.72526453952811,.2684563758389262,.0155043271418521,8.187919463087248,20.12630199205195
2025m9,09,824,1057925696,21,21186208,56,15480802,0,0,901,1094592706,2.330743618201998,1.935533453116213,91.45394006659268,96.65016861532055,0,0,6.215316315205328,1.414297931563231
2025m9,10,195,115745424,44,45321734,22,71240560,0,0,261,232307718,16.85823754789272,19.50935353770726,74.71264367816092,49.82418362871612,0,0,8.42911877394636,30.66646283357662
2025m9,11,341,84162818,34,65655598,30,25688376,0,0,405,175506792,8.395061728395062,37.40914938494232,84.19753086419753,47.9541657852193,0,0,7.407407407407407,14.63668482983838
2025m9,12,398,87085341,74,28604628,42,33607999,126,38335838,640,187633806,11.5625,15.24492233558381,62.18749999999999,46.4123938305659,19.6875,20.43119990861349,6.5625,17.9114839252368
2025m9,13,73,48574241,10,6447875,5,607804,78,51297630,166,106927550,6.024096385542169,6.030134422793751,43.97590361445783,45.4272458314064,46.98795180722892,47.97419374146326,3.012048192771084,.5684260043365812
2025m9,14,10,2391583,12,9966792,1,863774,36,7654604,59,20876753,20.33898305084746,47.74110226815444,16.94915254237288,11.45572302359471,61.01694915254237,36.6656826375251,1.694915254237288,4.137492070725749
2025m9,15,430,848679760,58,81821583,24,194549945,46,262972477,558,1388023765,10.39426523297491,5.894825799326282,77.06093189964157,61.14302805182879,8.243727598566309,18.94581949034569,4.301075268817205,14.01632665849925
2025m9,16,635,401860093,95,133164608,35,10014630,5,7920300,770,552959631,12.33766233766234,24.08215727415371,82.46753246753246,72.67439980623107,.6493506493506493,1.432346875969324,4.545454545454546,1.811096043645906
2025m9,17,436,367781244,27,44665893,24,61302011,2,460380,489,474209528,5.521472392638037,9.419020572695031,89.16155419222905,77.55669641458574,.408997955010225,.0970836672012208,4.907975460122699,12.927199345518
2025m9,18,406,681229927,15,52815332,23,147210817,5,4874558,449,886130634,3.34075723830735,5.960219630551673,90.42316258351893,76.87691869142625,1.11358574610245,.5500947391916935,5.122494432071269,16.61276693883038
2025m9,19,766,798705056,42,101538180,53,252391487,257,161006065,1118,1313640788,3.756708407871199,7.729524001351273,68.51520572450805,60.80087214831518,22.98747763864043,12.25647577867383,4.740608228980322,19.21312807165972
2025m9,20,1760,904819034,195,90085623,104,135005093,121,82451688,2180,1212361438,8.944954128440367,7.430591255740683,80.73394495412845,74.63277910691845,5.550458715596331,6.800916411199809,4.770642201834862,11.13571322614106
2025m9,21,1063,692382549,46,26068472,90,113530436,14,2338563,1213,834320020,3.792250618301731,3.12451713672171,87.63396537510305,82.98764651482293,1.154163231657049,.2802956831840137,7.41962077493817,13.60754066527134
2025m9,22,981,1380877647,56,133932275,76,349055458,0,0,1113,1863865380,5.031446540880504,7.185726846860582,88.14016172506739,74.08676945327457,0,0,6.828391734052111,18.72750369986485
2025m9,23,218,351924378,27,18600313,24,48748133,1,63640,270,419336464,10,4.435653609174326,80.74074074074075,83.92410587026842,.3703703703703704,.0151763572843024,8.888888888888889,11.62506416327296
2025m9,24,129,270316538,9,26165625,14,16528590,0,0,152,313010753,5.921052631578947,8.359337418673281,84.86842105263158,86.36014431108059,0,0,9.210526315789473,5.280518270246135
2025m9,25,393,199839248,103,113131927,62,119407527,10,6508486,568,438887188,18.13380281690141,25.77699465676815,69.19014084507043,45.53316967639529,1.76056338028169,1.482951924310901,10.91549295774648,27.20688374252565
2025m9,26,27,44518273,46,164773428,18,40515970,3,3325597,94,253133268,48.93617021276596,65.09354906285965,28.72340425531915,17.58689142353268,3.191489361702128,1.313773186067348,19.14893617021277,16.00578632754032
2025m9,27,77,2903427571,293,4775869848,200,8794122345,48,984183779,618,17457603543,47.41100323624595,27.35696131623396,12.45954692556634,16.63130660430304,7.766990291262135,5.63756518227629,32.36245954692556,50.37416689718671
2025m9,28,779,314992031,253,714092316,323,242336847,109,152067542,1464,1423488736,17.28142076502732,50.16494320893594,53.2103825136612,22.1281716555852,7.44535519125683,10.68273588362276,22.06284153005464,17.02414925185611
2025m9,29,2075,1309203486,405,300875293,1368,842680873,97,13527665854,3945,15980425506,10.26615969581749,1.882773977995977,52.59822560202788,8.192544594688341,2.458808618504436,84.65147469897414,34.67680608365019,5.273206728341543
2025m9,30,272,865895492,750,9744390789,215,2489925753,84,3776397059,1321,16876609093,56.77517032551098,57.73903238086928,20.59046177138531,5.130743310035854,6.358819076457229,22.37651555587879,16.27554882664648,14.75370875321607
2025m9,31,90,128982302,56,102916632,26,313814678,16,2764772,188,548478384,29.78723404255319,18.76402698852759,47.87234042553192,23.516387475354,8.51063829787234,.5040803941691894,13.82978723404255,57.21550514194922
2025m9,32,1017,326860356,37,3709233,91,44853716,0,0,1145,375423305,3.231441048034934,.9880135171683069,88.82096069868996,87.06448205180017,0,0,7.947598253275109,11.94750443103153
2025m9,33,929,1432094676,25,4044294,37,9712145,134,31353256,1125,1477204371,2.222222222222222,.2737802621895979,82.57777777777778,96.94627934457959,11.91111111111111,2.122472463222897,3.288888888888889,.6574679300079055
2025m9,34,748,470479936,16,4174103,91,77056000,0,0,855,551710039,1.871345029239766,.7565755025168212,87.48538011695906,85.27666758661246,0,0,10.64327485380117,13.96675691087071
2025m9,35,278,211970457,7,1135536,16,6254856,30,63945472,331,283306321,2.114803625377644,.400815624583258,83.98791540785498,74.82023565580805,9.063444108761329,22.5711419972165,4.833836858006042,2.207806722392191
2025m9,36,66,37758930,7,10084715,12,8424102,0,0,85,56267747,8.235294117647058,17.92272756184818,77.64705882352942,67.10581463302591,0,0,14.11764705882353,14.97145780512591
2025m9,37,122,112926065,2,302773,9,716804,0,0,133,113945642,1.503759398496241,.2657170512936335,91.72932330827066,99.10520755150952,0,0,6.766917293233083,.6290753971968494
2025m9,38,1098,1460900636,111,61163819,122,66765112,43,147011965,1374,1735841532,8.078602620087336,3.523583107815627,79.91266375545851,84.16094494045093,3.129548762736536,8.469204261440613,8.879184861717611,3.846267690292825
2025m9,39,5994,5231745588,73,58751061,391,241732768,48,1884533,6506,5534113950,1.122041192745158,1.061616394797942,92.13034122348601,94.53628232573708,.7377805102981863,.0340530212609735,6.009837073470643,4.368048258204007
2025m9,40,2847,2548474844,89,92591736,82,39154667,125,99438491,3143,2779659738,2.831689468660515,3.331045693622232,90.58224626153357,91.68297864520855,3.977091950365892,3.577361992930374,2.608972319440026,1.408613668238843
2025m9,41,322,16977850,30,3978124,16,1191281,1,682,369,22147937,8.130081300813007,17.9616006673669,87.26287262872629,76.65657528283559,.2710027100271002,.0030792935703221,4.336043360433604,5.378744756227183
2025m9,42,2404,1066997011,12,261542,261,8571843,0,0,2677,1075830396,.4482629809488233,.0243107092876747,89.80201718341428,99.17892401694142,0,0,9.749719835636906,.796765273770904
2025m9,43,181,18472196,9,132035,6,84955,0,0,196,18689186,4.591836734693878,.7064780670490411,92.3469387755102,98.83895424872972,0,0,3.061224489795918,.4545676842212389
2025m9,44,1064,826265952,777,408576157,303,256111948,180,98311435,2324,1589265492,33.43373493975903,25.70848980593105,45.78313253012048,51.99042929952449,7.74526678141136,6.185966756018887,13.03786574870912,16.11511413852557
2025m9,45,13,1775182,3,10706,2,85497,37,13950696,55,15822081,5.454545454545454,.067664929790209,23.63636363636364,11.21964929897654,67.27272727272727,88.17232069536239,3.636363636363636,.5403650758708668
2025m9,46,175,34407750,11,361032,10,4326630,9,2160566,205,41255978,5.365853658536586,.8751022700273885,85.36585365853658,83.40064075077798,4.390243902439024,5.236976808548812,4.878048780487805,10.48728017064582
2025m9,47,33,135231305,10,17630619,18,131134177,0,0,61,283996101,16.39344262295082,6.208049666146649,54.09836065573771,47.61731042215963,0,0,29.50819672131147,46.17463991169372
2025m9,48,1992,1113445099,124,177707353,100,211840889,106,24884889,2322,1527878230,5.340223944875108,11.63098927065673,85.78811369509044,72.87525125611613,4.565030146425495,1.628722008821345,4.306632213608959,13.86503746440579
2025m9,49,76,259787930,400,43330292,56,15226995,351,142793011,883,461138228,45.30011325028313,9.396378215687641,8.607021517553793,56.33623807913839,39.75084937712344,30.96533801140425,6.342015855039637,3.302045693769721
2025m9,50,47,1442668,3,10468,1,255,56,1629984,107,3083375,2.803738317757009,.3394981148903393,43.92523364485982,46.78860015405198,52.33644859813084,52.86363157254632,.9345794392523363,.0082701585113715
2025m9,51,305,15108409,17,962671,74,1765157,0,0,396,17836237,4.292929292929292,5.397276342537947,77.02020202020202,84.70625838847062,0,0,18.68686868686869,9.896465268991436
2025m9,52,1139,52689295,34,1568587,118,2328202,0,0,1291,56586084,2.633617350890782,2.772036672479403,88.22618125484121,93.1135206316804,0,0,9.14020139426801,4.1144426958402
2025m9,53,269,18164815,4,75946,6,130502,0,0,279,18371263,1.433691756272401,.4133956386123262,96.415770609319,98.87624492665529,0,0,2.150537634408602,.7103594347323861
2025m9,54,1034,122986073,38,1477068,83,8966985,1,66326,1156,133496452,3.28719723183391,1.106447383335701,89.44636678200692,92.12684768580965,.0865051903114187,.0496837174369248,7.179930795847751,6.717021213417716
2025m9,55,794,97103854,38,3616399,32,1860690,0,0,864,102580943,4.398148148148148,3.525410172920715,91.89814814814815,94.66071490491173,0,0,3.703703703703703,1.813874922167561
2025m9,56,982,213545427,20,3386078,46,6617817,1,93676,1049,223642998,1.906577693040991,1.514055002965038,93.61296472831268,95.48495991812808,.0953288846520496,.0418863996806196,4.38512869399428,2.959098679226255
2025m9,57,755,258784306,5,111444,10,822771,0,0,770,259718521,.6493506493506493,.0429095312767471,98.05194805194806,99.64029711997321,0,0,1.298701298701299,.3167933487500493
2025m9,58,850,61528674,10,70632,85,822067,0,0,945,62421373,1.058201058201058,.1131535507878047,89.94708994708994,98.56988246637894,0,0,8.994708994708994,1.316963982833252
2025m9,59,775,186965677,18,5554370,28,8050982,0,0,821,200571029,2.192448233861145,2.769278308882785,94.39707673568819,93.21669132983308,0,0,3.41047503045067,4.014030361284131
2025m9,60,468,46052638,23,1122548,23,1826179,0,0,514,49001365,4.474708171206226,2.290850469165502,91.05058365758755,93.98235743024711,0,0,4.474708171206226,3.726792100587402
2025m9,61,9271,4577341520,79,2631510,1199,36321101,0,0,10549,4616294131,.7488861503460044,.0570048165329957,87.88510759313679,99.156193043714,0,0,11.36600625651721,.7868021397529966
2025m9,62,11587,2773910657,125,4606437,1517,34129629,0,0,13229,2812646723,.9448937939375615,.1637758827772982,87.58787512283619,98.62278949989553,0,0,11.46723108322625,1.213434617327162
2025m9,63,2812,1323384257,38,1019203,133,10525295,0,0,2983,1334928755,1.273885350318471,.0763488685207024,94.26751592356688,99.13519744355196,0,0,4.45859872611465,.7884536879273381
2025m9,64,3263,2195086453,51,2661353,275,9902551,0,0,3589,2207650357,1.421008637503483,.1205513813164029,90.91668988576205,99.43089248892323,0,0,7.662301476734466,.4485561297603614
2025m9,65,995,247784570,8,19707,60,3460628,0,0,1063,251264905,.7525870178739417,.0078431168093292,93.60301034807149,98.61487421014886,0,0,5.644402634054563,1.377282673041824
2025m9,66,104,21341723,0,0,4,200888,0,0,108,21542611,0,0,96.29629629629629,99.06748536656026,0,0,3.703703703703703,.9325146334397442
2025m9,67,205,137809726,1,3198,9,257390,0,0,215,138070314,.4651162790697674,.0023162111444173,95.34883720930233,99.81126428089387,0,0,4.186046511627907,.1864195079617187
2025m9,68,1064,583283352,43,20402569,56,77917919,39,10800921,1202,692404761,3.577371048252912,2.946624597227459,88.51913477537437,84.2402283828317,3.24459234608985,1.559914317226944,4.658901830282862,11.2532327027139
2025m9,69,1146,498491390,56,11453740,51,51011567,0,0,1253,560956697,4.46927374301676,2.041822490266125,91.46049481245012,88.86450463394682,0,0,4.07023144453312,9.093672875787059
2025m9,70,1937,617793821,91,22312757,109,36081323,0,0,2137,676187901,4.258306036499766,3.299786489377011,90.64108563406644,91.36422288632461,0,0,5.100608329433785,5.335990624298378
2025m9,71,1082,1675392293,252,2390526810,147,2526750437,113,44667904,1594,6637337444,15.80928481806775,36.01635189063622,67.87954830614805,25.24193333750894,7.089084065244668,.6729792537575252,9.222082810539524,38.06873551809731
2025m9,72,1651,1304384307,0,0,360,385188116,0,0,2011,1689572423,0,0,82.09845847836897,77.20203580761213,0,0,17.90154152163103,22.79796419238786
2025m9,73,4997,3159983546,0,0,270,45209597,0,0,5267,3205193143,0,0,94.87374216821721,98.58948915141866,0,0,5.126257831782798,1.410510848581333
2025m9,74,961,446764651,73,35014376,88,1007298233,4,599882,1126,1489677142,6.483126110124333,2.35046742765957,85.34635879218473,29.99070324729464,.3552397868561279,.0402692625862954,7.815275310834815,67.61856006245949
2025m9,75,178,141657154,12,98640513,29,22672972,10,11710305,229,274680944,5.240174672489083,35.9109414594119,77.72925764192141,51.57152583544347,4.366812227074235,4.26323895260823,12.66375545851528,8.254293752536396
2025m9,76,1469,1741337628,0,0,53,46972286,0,0,1522,1788309914,0,0,96.51773981603154,97.37336992697564,0,0,3.482260183968462,2.626630073024356
2025m9,78,30,35205852,12,31046950,7,45880055,0,0,49,112132857,24.48979591836735,27.68764734140324,61.22448979591837,31.39655310842566,0,0,14.28571428571428,40.91579955017109
2025m9,79,64,73932900,8,4333108,17,196742779,3,265604,92,275274391,8.695652173913043,1.574105017273474,69.56521739130434,26.85789249462004,3.260869565217391,.096486999402716,18.47826086956522,71.47151548870377
2025m9,80,33,5066745,28,84857962,13,2097225,2,314083,76,92336015,36.84210526315789,91.90126084605232,43.42105263157895,5.487290089354626,2.631578947368421,.3401522147127532,17.10526315789474,2.271296849880299
2025m9,81,185,80450842,93,64363778,159,114781869,13,2013690,450,261610179,20.66666666666667,24.60293335910297,41.11111111111111,30.75218338503564,2.888888888888889,.7697292237241273,35.33333333333334,43.87515403213726
2025m9,82,2351,802196068,18,2520755,114,23367546,0,0,2483,828084369,.724929520741039,.3044079920315463,94.68385018123237,96.87371215190755,0,0,4.59122029802658,2.821879856060899
2025m9,83,1569,1149050755,11,1156287,71,15489225,25,8831293,1676,1174527560,.6563245823389021,.0984469874849084,93.61575178997613,97.8308891278805,1.491646778042959,.7519017263417812,4.236276849642005,1.31876215829282
2025m9,84,17007,28970851879,535,919169802,778,405044390,2326,21697905331,20646,51992971402,2.591300978397753,1.767873189807041,82.37430979366464,55.7207081991963,11.26610481449191,41.73238179298472,3.768284413445703,.7790368180119425
2025m9,85,10866,25642672106,919,1622929443,599,385085113,2507,15178018124,14891,42828704786,6.171512994426164,3.78934980898724,72.97025048687127,59.87263036350837,16.83567255389161,35.43889127593101,4.022563964810959,.8991285515733783
2025m9,86,259,120899717,4,2134101,13,11868847,3,173024,279,135075689,1.433691756272401,1.579929753310383,92.83154121863799,89.50516402696269,1.075268817204301,.1280941087777831,4.659498207885305,8.786812110949144
2025m9,87,3222,24709341182,41,83871174,194,660658300,1,20338,3458,25453890994,1.185656448814344,.3295023696760945,93.17524580682476,97.07490767452605,.0289184499710815,.0000799013400536,5.610179294389821,2.595510054457806
2025m9,88,190,1335177117,57,424152045,34,873671943,155,378942092,436,3011943197,13.07339449541284,14.08233878455843,43.57798165137615,44.32942554593602,35.55045871559633,12.58131602141234,7.79816513761468,29.00691964809322
2025m9,89,151,72611411,12,2230355,30,29233520,0,0,193,104075286,6.217616580310881,2.143020774403637,78.23834196891191,69.768158984449,0,0,15.5440414507772,28.08882024114736
2025m9,90,5092,8762366678,62,47952165,284,331793064,1574,817302712,7012,9959414619,.8841985168282943,.4814757376253782,72.61836851112379,87.98073996521502,22.44723331431831,8.206332834469977,4.050199657729606,3.331451462689627
2025m9,91,710,298447135,17,714483,91,3044808,4,147829,822,302354255,2.068126520681265,.2363065801736443,86.37469586374696,98.70776748288196,.4866180048661801,.048892647467455,11.0705596107056,1.007033289476942
2025m9,92,457,110979961,9,2035552,13,643045,0,0,479,113658558,1.878914405010438,1.790935971579017,95.4070981210856,97.6432949290101,0,0,2.713987473903967,.5657690994108865
2025m9,93,367,220561420,17,7688705,39,38528686,0,0,423,266778811,4.018912529550827,2.882052353100862,86.7612293144208,82.6757639308918,0,0,9.219858156028367,14.44218371600734
2025m9,94,5074,4802010730,42,4288775,135,44394855,188,72049606,5439,4922743966,.7722007722007722,.0871216343897094,93.28920757492186,97.54744027246043,3.456517742232028,1.463606608379925,2.482073910645339,.9018314847699314
2025m9,95,1397,3549821065,25,8708164,52,27470538,0,0,1474,3585999767,1.69606512890095,.2428378294983866,94.77611940298507,98.99111253902097,0,0,3.527815468113976,.766049631480637
2025m9,96,1012,569462090,35,20919326,52,21801068,5,300121,1104,612482605,3.170289855072464,3.415497163384746,91.66666666666666,92.9760429685999,.4528985507246377,.0490007385597506,4.710144927536232,3.559459129455603
2025m9,97,30,27809916,238,28046690,23,3606912,273,661232377,564,720695895,42.19858156028369,3.891612286760701,5.319148936170213,3.858758762598474,48.40425531914894,91.74915267139131,4.078014184397164,.5004762792495162
2025m9,98,1,34312826,2052,9007391173,0,0,66,984243756,2119,10025947755,96.83813119395943,89.8407950361397,.047192071731949,.3422402234530694,3.114676734308636,9.816964740407228,0,0
2025m9,99,0,0,219,2778808128,0,0,0,0,219,2778808128,100,100,0,0,0,0,0,0
2025m10,01,71,48112512,35,237158450,14,14470853,79,13689403,199,313431218,17.58793969849246,75.66522936461294,35.67839195979899,15.35026163220283,39.69849246231156,4.367593977189598,7.035175879396985,4.616915025994635
2025m10,02,191,876195744,112,469667763,31,122358305,1,452637,335,1468674449,33.43283582089553,31.97902457687544,57.01492537313433,59.6589492379737,.2985074626865672,.0308194236175481,9.253731343283581,8.331206761533304
2025m10,03,1228,1128489912,218,176542166,112,93111405,39,39330537,1597,1437474020,13.65059486537257,12.28141611908923,76.89417658108954,78.5050648776247,2.442078897933626,2.736086805937543,7.013149655604257,6.477432197348512
2025m10,04,437,213195453,46,31099991,51,9993232,11,7697915,545,261986591,8.440366972477065,11.87083311450852,80.18348623853211,81.37647510364377,2.018348623853211,2.938285875859959,9.357798165137615,3.814405905987761
2025m10,05,172,62830721,28,6909333,5,9424197,12,1656610,217,80820861,12.90322580645161,8.548947529772047,79.26267281105991,77.74072216330386,5.529953917050691,2.049730700097343,2.304147465437788,11.66059960682676
2025m10,06,286,210509343,44,37024963,16,18378610,16,5763373,362,271676289,12.15469613259669,13.62833802548002,79.00552486187846,77.48535721496107,4.41988950276243,2.121411854238041,4.41988950276243,6.764892905320862
2025m10,07,845,303695397,314,467736577,88,263587638,1,11730359,1248,1046749971,25.16025641025641,44.68465153652247,67.70833333333334,29.01317462754436,.0801282051282051,1.120645743968213,7.051282051282051,25.18152809196496
2025m10,08,578,1229649251,111,247619016,44,153318155,7,1079193,740,1631665615,15,15.17584324408283,78.10810810810811,75.36159613193786,.9459459459459461,.0661405737841696,5.945945945945946,9.396420050195148
2025m10,09,836,1041051678,27,13633269,58,19650740,4,5939290,925,1080274977,2.918918918918919,1.262018401820299,90.37837837837837,96.36913750340437,.4324324324324325,.5497942770547022,6.27027027027027,1.819049817720623
2025m10,10,215,135927678,44,38990943,19,37582232,0,0,278,212500853,15.8273381294964,18.34860540536277,77.33812949640287,63.96570935176435,0,0,6.83453237410072,17.68568524287289
2025m10,11,370,70584065,33,65371274,28,35973438,1,621508,432,172550285,7.638888888888889,37.88534687149314,85.64814814814815,40.90637404626715,.2314814814814815,.3601894949057893,6.481481481481481,20.84808958733392
2025m10,12,415,98607106,67,29982934,35,29140562,121,29183640,638,186914242,10.50156739811912,16.04101093591359,65.04702194357367,52.75526623594578,18.96551724137931,15.61338488053789,5.4858934169279,15.59033794760273
2025m10,13,72,41747343,18,9223335,1,9400,80,42619301,171,93599379,10.52631578947368,9.854055762485348,42.10526315789473,44.60215809765148,46.78362573099415,45.53374333819031,.5847953216374269,.0100428016728615
2025m10,14,13,2081008,10,12610257,1,1922597,39,5597292,63,22211154,15.87301587301587,56.77443414241331,20.63492063492063,9.369202518698488,61.90476190476191,25.20036554606753,1.587301587301587,8.655997792820671
2025m10,15,426,729330051,55,78318784,31,235603416,60,215275199,572,1258527450,9.615384615384617,6.223049326417155,74.47552447552448,57.95106423781221,10.48951048951049,17.10532408331658,5.419580419580419,18.72056235245405
2025m10,16,631,423740506,92,127268211,25,10242616,4,12650923,752,573902256,12.23404255319149,22.17593844063927,83.9095744680851,73.83496084392462,.5319148936170213,2.204368926544174,3.324468085106383,1.78473178889194
2025m10,17,448,416343474,29,50448915,26,66939920,1,523285,504,534255594,5.753968253968254,9.442842633108677,88.88888888888889,77.92964241755791,.1984126984126984,.0979465645052282,5.158730158730158,12.52956838482818
2025m10,18,426,761971205,16,50633361,27,115014656,5,6227834,474,933847056,3.375527426160337,5.42201859230362,89.87341772151899,81.59486075415758,1.054852320675105,.666900854908301,5.69620253164557,12.31621979863049
2025m10,19,757,849503112,49,107227536,49,327710967,242,153754949,1097,1438196564,4.466727438468551,7.455694074374105,69.00638103919782,59.06724666601275,22.06016408386509,10.69081604341811,4.466727438468551,22.78624321619503
2025m10,20,1868,761439436,184,93535708,90,264687779,116,69759609,2258,1189422532,8.148804251550045,7.863959651304134,82.72807794508414,64.01757285694332,5.137289636846766,5.864998108174396,3.985828166519043,22.25346938357815
2025m10,21,1076,623880941,46,19636198,85,131079908,12,2971993,1219,777569040,3.773584905660377,2.5253317698966,88.26907301066448,80.23479702844136,.9844134536505332,.3822159637425893,6.972928630024611,16.85765523791945
2025m10,22,1010,1398993897,46,135306134,70,387399971,0,0,1126,1921700002,4.085257548845471,7.040960288243784,89.69804618117229,72.79980723026507,0,0,6.216696269982238,20.15923248149114
2025m10,23,214,243786989,27,22785257,23,121069735,1,12000,265,387653981,10.18867924528302,5.877730686841573,80.75471698113208,62.88778161677128,.3773584905660378,.0030955441161844,8.679245283018867,31.23139215227097
2025m10,24,127,229773551,7,41063625,16,14909005,0,0,150,285746181,4.666666666666667,14.37066450242427,84.66666666666667,80.41176620309757,0,0,10.66666666666667,5.217569294478166
2025m10,25,381,199707859,105,107363542,61,119130510,9,10182650,556,436384561,18.88489208633094,24.60296527310003,68.5251798561151,45.76418985638679,1.618705035971223,2.333412065877372,10.97122302158273,27.29943280463581
2025m10,26,24,28400579,59,332959591,16,39118932,2,7386810,101,407865912,58.41584158415841,81.63457185409503,23.76237623762376,6.963214665509973,1.98019801980198,1.811087855755889,15.84158415841584,9.591125624639108
2025m10,27,69,6564748520,288,4683881205,214,4390409032,36,527609212,607,16166647969,47.44645799011532,28.97249457018841,11.3673805601318,40.60673884028457,5.930807248764415,3.263565910581497,35.25535420098847,27.15720067894552
2025m10,28,769,351129624,253,862816995,335,179557864,105,150258664,1462,1543763147,17.30506155950752,55.8905034542841,52.59917920656635,22.74504509855358,7.181942544459645,9.733271861813657,22.91381668946649,11.63117958534866
2025m10,29,2001,1405129295,450,357607267,1359,841391579,88,32196129,3898,2636324270,11.54438173422268,13.56461612364552,51.3340174448435,53.29880360279049,2.257567983581323,1.221250715110247,34.86403283735249,31.91532955845375
2025m10,30,276,812543958,781,9605914001,209,3133154278,66,1114290788,1332,14665903025,58.63363363363363,65.49827845326284,20.72072072072072,5.54036090798439,4.954954954954955,7.597832783297025,15.69069069069069,21.36352785545573
2025m10,31,97,100175498,58,46382684,33,412426001,16,27892338,204,586876521,28.43137254901961,7.903312253992863,47.54901960784314,17.06926319514493,7.84313725490196,4.752675733640399,16.17647058823529,70.27474881722181
2025m10,32,1054,320961052,37,4037463,89,35768844,0,0,1180,360767359,3.135593220338983,1.11913201105314,89.32203389830508,88.9662116023085,0,0,7.542372881355933,9.914656386638349
2025m10,33,943,1481106688,24,3207445,28,14347171,153,30162628,1148,1528823932,2.090592334494774,.2097981940800754,82.14285714285714,96.87882672417506,13.32752613240418,1.972930130714359,2.439024390243902,.9384449510305024
2025m10,34,736,503370130,18,4781784,105,37276014,0,0,859,545427928,2.09545983701979,.8767031819463413,85.68102444703143,92.28902741481913,0,0,12.22351571594878,6.834269403234519
2025m10,35,263,213365132,12,1827869,14,4474838,31,52665499,320,272333338,3.75,.6711881157935941,82.1875,78.34704835145817,9.6875,19.33861619248393,4.375,1.643147340264305
2025m10,36,71,44173795,9,9143115,14,11606795,0,0,94,64923705,9.574468085106384,14.08286079791657,75.53191489361703,68.03954734253075,0,0,14.8936170212766,17.87759185955268
2025m10,37,120,135222508,6,1158883,6,60207,0,0,132,136441598,4.545454545454546,.8493619372590461,90.90909090909091,99.10651149072586,0,0,4.545454545454546,.044126572015083
2025m10,38,1109,1404966250,128,106856050,128,57626473,38,106069489,1403,1675518262,9.123307198859587,6.377492410763113,79.0449037776194,83.85263723255079,2.70848182466144,6.330548070146907,9.123307198859587,3.439322286539184
2025m10,39,6104,5167379988,60,54108262,437,229623571,55,1930019,6656,5453041840,.9014423076923076,.9922583319111302,91.70673076923077,94.76142196627634,.8263221153846154,.0353934383162554,6.565504807692307,4.210926263496265
2025m10,40,2859,2457692719,117,117378246,82,34859402,108,30854049,3166,2640784416,3.695514845230575,4.444825003087264,90.30322173089071,93.06676849913673,3.41124447252053,1.168366823624879,2.59001895135818,1.320039674151122
2025m10,41,347,19684859,37,4306758,14,611482,1,56193,399,24659292,9.273182957393484,17.46505130804242,86.96741854636592,79.82734865218353,.2506265664160401,.2278775886996269,3.508771929824561,2.479722451074426
2025m10,42,2507,1111341604,17,216304,281,11298957,0,0,2805,1122856865,.6060606060606061,.0192637197796355,89.37611408199643,98.97446759609917,0,0,10.01782531194296,1.006268684121195
2025m10,43,194,19534530,5,62353,6,78354,0,0,205,19675237,2.439024390243902,.3169110491528006,94.63414634146341,99.28485232477759,0,0,2.926829268292683,.3982366260696123
2025m10,44,1701,1149258743,274,192924201,397,212844479,12,4776367,2384,1559803790,11.49328859060403,12.36849161650005,71.3506711409396,73.6796993550067,.5033557046979865,.3062158862942627,16.65268456375839,13.64559314219899
2025m10,45,12,1279304,22,5657948,3,251177,26,7180513,63,14368942,34.92063492063492,39.37623243242265,19.04761904761905,8.903258152200767,41.26984126984127,49.97245447855521,4.761904761904762,1.748054936821375
2025m10,46,193,32393771,16,760553,8,5324021,13,1834693,230,40313038,6.956521739130435,1.886617922469649,83.91304347826087,80.35556883606738,5.652173913043478,4.551115696117965,3.478260869565217,13.20669754534501
2025m10,47,28,19085990,18,134941306,10,131660789,1,13503828,57,299191913,31.57894736842105,45.10192292530314,49.12280701754386,6.379179774153855,1.754385964912281,4.51343348976147,17.5438596491228,44.00546381078154
2025m10,48,2058,1161580857,116,169566115,101,182584566,98,21512996,2373,1535244534,4.888327012220818,11.04489293039229,86.72566371681415,75.66096678902099,4.129793510324483,1.401274879901315,4.256215760640539,11.89286540068541
2025m10,49,84,260223971,483,41157850,46,14562987,309,142456531,922,458401339,52.38611713665944,8.978562342288447,9.110629067245119,56.76771616061968,33.51409978308026,31.07681389211649,4.989154013015185,3.176907604975386
2025m10,50,42,1648474,19,136425,9,97113,54,1970470,124,3852482,15.32258064516129,3.54122355406203,33.87096774193548,42.7899208873656,43.54838709677419,51.14806506558629,7.258064516129033,2.52079049298608
2025m10,51,329,17386995,22,1238995,95,3298120,0,0,446,21924110,4.932735426008969,5.651289835710549,73.76681614349776,79.3053629086882,0,0,21.30044843049327,15.04334725560125
2025m10,52,1203,56446809,46,2247236,114,1466255,1,2125,1364,60162425,3.372434017595308,3.735281614728794,88.19648093841643,93.8240255441831,.0733137829912024,.0035321049641865,8.357771260997067,2.437160736123918
2025m10,53,289,17637181,5,60070,6,239483,0,0,300,17936734,1.666666666666667,.3348993189061063,96.33333333333334,98.32994680079439,0,0,2,1.335153880299502
2025m10,54,1051,118407506,48,1795118,77,8383954,0,0,1176,128586578,4.081632653061225,1.396038395235932,89.37074829931973,92.08387674800709,0,0,6.547619047619048,6.520084856756979
2025m10,55,811,103370590,41,5048117,31,3554178,0,0,883,111972885,4.64326160815402,4.508338782197137,91.84597961494903,92.31751954948736,0,0,3.510758776896942,3.174141668315503
2025m10,56,974,214565589,28,3035693,53,10250313,1,81476,1056,227933071,2.651515151515151,1.331835256148503,92.23484848484848,94.13534773986352,.0946969696969697,.0357455807718223,5.018939393939394,4.49707142321616
2025m10,57,787,233709705,7,167173,15,225147,0,0,809,234102025,.865265760197775,.0714103177877252,97.28059332509271,99.83241494814067,0,0,1.854140914709518,.0961747340716083
2025m10,58,936,60996007,13,65580,75,790136,0,0,1024,61851723,1.26953125,.1060277657907768,91.40625,98.61650418372338,0,0,7.32421875,1.277468050485837
2025m10,59,822,188838201,21,5924021,26,10515202,0,0,869,205277424,2.416570771001151,2.885860941045324,94.59148446490218,91.99170435809833,0,0,2.991944764096663,5.122434700856339
2025m10,60,490,48278960,21,1228672,22,1035072,0,0,533,50542704,3.939962476547842,2.430958185379239,91.93245778611632,95.52112605609705,0,0,4.127579737335835,2.047915758523723
2025m10,61,9241,3844631856,101,2379065,1252,33746280,0,0,10594,3880757201,.9533698319803663,.0613041444434338,87.22861997356995,99.06911607377316,0,0,11.81801019444969,.869579781783416
2025m10,62,11963,2418855203,144,5718349,1544,27430309,0,0,13651,2452003861,1.05486777525456,.2332112559426349,87.63460552340487,98.64809927393503,0,0,11.31052670134056,1.118689470122331
2025m10,63,2923,1249280486,43,1227469,123,10640322,0,0,3089,1261148277,1.392036257688572,.0973294752398096,94.62609258659761,99.05896941569544,0,0,3.981871155713823,.8437011090647512
2025m10,64,3409,1948391382,44,1329667,278,6527933,0,0,3731,1956248982,1.179308496381667,.0679702334536474,91.36960600375235,99.59833333730522,0,0,7.451085499865988,.3336964292411322
2025m10,65,1003,201970687,6,73220,60,2481461,0,0,1069,204525368,.5612722170252572,.0357999600323418,93.82600561272217,98.75092218389261,0,0,5.612722170252573,1.213277856075047
2025m10,66,122,17509927,1,2280,3,144178,0,0,126,17656385,.7936507936507936,.012913175601914,96.82539682539682,99.17050970512933,0,0,2.380952380952381,.8165771192687518
2025m10,67,236,132174658,2,159786,12,99054,0,0,250,132433498,.8,.1206537638989193,94.39999999999999,99.80455096036201,0,0,4.8,.0747952757390732
2025m10,68,1048,542341921,46,24982026,55,95724367,42,7834913,1191,670883227,3.862300587741394,3.723751764030911,87.99328295549958,80.83998811912464,3.526448362720403,1.167850481973668,4.617968094038623,14.26840963487078
2025m10,69,1104,488026057,64,11398358,59,52306044,0,0,1227,551730459,5.215973920130399,2.065928718283795,89.97555012224939,88.4537094226295,0,0,4.808475957620212,9.480361859086702
2025m10,70,1958,600999283,96,23418580,132,60202450,0,0,2186,684620313,4.391582799634035,3.420666836100728,89.56999085086916,87.78578017447752,0,0,6.038426349496798,8.793552989421743
2025m10,71,1182,2254151606,305,2595884833,111,436234714,113,814772020,1711,6101043173,17.82583284628872,42.54821281199938,69.08240794856809,36.94698663952562,6.604324956165984,13.35463455832851,6.487434248977205,7.150165990146486
2025m10,72,1716,1487102948,0,0,353,395600557,0,0,2069,1882703505,0,0,82.93861768970517,78.98763369009609,0,0,17.06138231029483,21.01236630990391
2025m10,73,5017,2948150404,0,0,263,97145461,0,0,5280,3045295865,0,0,95.01893939393939,96.80998282904115,0,0,4.981060606060606,3.190017170958855
2025m10,74,957,396143869,74,12717997,83,1035089406,1,14597,1115,1443965869,6.636771300448431,.8807685329022137,85.82959641255606,27.43443439382292,.0896860986547085,.0010108964701575,7.443946188340806,71.68378617680472
2025m10,75,184,130150067,40,101785011,22,7798279,6,15462414,252,255195771,15.87301587301587,39.88506964717688,73.01587301587301,51.00008769345946,2.380952380952381,6.059040061443651,8.730158730158729,3.05580259792001
2025m10,76,1488,1841575843,0,0,55,86857436,0,0,1543,1928433279,0,0,96.43551523007129,95.49595845778805,0,0,3.56448476992871,4.504041542211946
2025m10,78,36,34582103,10,29110148,5,32424660,0,0,51,96116911,19.6078431372549,30.28618761999124,70.58823529411765,35.97920765472789,0,0,9.803921568627452,33.73460472528086
2025m10,79,57,61223088,12,12353824,21,137035197,1,119396,91,210731505,13.18681318681319,5.862352665302704,62.63736263736264,29.05265067033997,1.098901098901099,.056657878469572,23.07692307692308,65.02833878588777
2025m10,80,30,3569103,29,79541343,14,5301304,1,163899,74,88575649,39.18918918918919,89.80046310470725,40.54054054054054,4.029440416518992,1.351351351351351,.1850384409828033,18.91891891891892,5.985058037790951
2025m10,81,181,105755284,97,57579975,177,119761356,6,2710010,461,285806625,21.0412147505423,20.14648015944347,39.26247288503254,37.00239068985892,1.301518438177874,.9481970545644279,38.39479392624729,41.90293209613318
2025m10,82,2428,861792861,17,3074684,85,13218670,1,143838,2531,878230053,.6716712761754247,.3501000665482806,95.93046226787831,98.12837286268544,.0395100750691426,.0163781687393474,3.358356380877123,1.505148902026927
2025m10,83,1556,1158557073,15,1206166,71,14401496,21,8692967,1663,1182857702,.9019843656043296,.1019705073535549,93.56584485868912,97.94559996871035,1.262778111846061,.7349123216851658,4.269392663860494,1.217517202250926
2025m10,84,17138,30870603088,586,1166788977,789,587279047,2318,29669349520,20831,62294020632,2.813115068887715,1.873035269135652,82.27161442081513,49.55628610066307,11.12764629638519,47.62792515074724,3.787624213911958,.942753479454044
2025m10,85,11028,26350708106,983,2381850243,564,524395562,2520,16507912890,15095,45764866801,6.512090096058297,5.204538785957866,73.05730374296124,57.57846563955085,16.69426962570387,36.07114811844987,3.736336535276582,1.145847456041414
2025m10,86,232,107088214,3,2558897,10,2220243,4,307958,249,112175312,1.204819277108434,2.281158799005614,93.17269076305222,95.46504671188256,1.606425702811245,.2745327777648615,4.016064257028113,1.979261711346967
2025m10,87,3253,25877245193,39,112431558,185,1232877798,1,33024,3478,27222587573,1.121334100057504,.4130083435254048,93.53076480736055,95.0579922779481,.0287521564117309,.00012131102494,5.319148936170213,4.528878067501552
2025m10,88,179,1512772915,60,964640754,42,353191633,168,325193132,449,3155798434,13.3630289532294,30.56724864323195,39.86636971046771,47.93629715705728,37.41648106904232,10.3046230233347,9.35412026726058,11.19183117637608
2025m10,89,158,131462998,12,3368317,37,22099480,0,0,207,156930795,5.797101449275362,2.146370952877668,76.32850241545893,83.77131970815543,0,0,17.8743961352657,14.0823093389669
2025m10,90,5248,9091486485,72,61341859,271,290747583,1600,864300440,7191,10307876367,1.00125156445557,.5950969609645493,72.98011403142817,88.19941335448887,22.25003476567932,8.384854544501543,3.768599638436935,2.82063514004504
2025m10,91,782,362280478,16,531004,97,3090753,8,296745,903,366198980,1.7718715393134,.1450042269369511,86.60022148394242,98.92995278140863,.8859357696566998,.08103381391177,10.74197120708749,.8440091777426578
2025m10,92,498,110189346,10,1979625,18,6597113,0,0,526,118766084,1.901140684410646,1.66682686952952,94.67680608365019,92.77846190499974,0,0,3.422053231939163,5.554711225470733
2025m10,93,368,242802692,20,7835462,41,31133841,0,0,429,281771995,4.662004662004662,2.780780964410605,85.78088578088578,86.16991621186484,0,0,9.557109557109557,11.04930282372455
2025m10,94,5177,4575707914,43,5902074,120,33352898,182,81653216,5522,4696616102,.7787033683448026,.1256665197201592,93.7522636725824,97.4256318725196,3.295907279971025,1.738554189371129,2.173125679101775,.7101474183891048
2025m10,95,1429,3532070025,25,9306521,37,31730684,0,0,1491,3573107230,1.676727028839705,.2604601653670495,95.84171696847753,98.851498083924,0,0,2.481556002682763,.8880417507089481
2025m10,96,1072,522701573,40,20357550,61,87715549,6,330660,1179,631105332,3.392705682782018,3.225697671652693,90.9245122985581,82.82319075700663,.5089058524173028,.0523937896313004,5.173876166242578,13.89871778170938
2025m10,97,38,50620099,297,32912056,23,1426994,333,1147588983,691,1232548132,42.98118668596238,2.670245091897149,5.499276410998553,4.106947038073154,48.19102749638206,93.10703194510216,3.328509406657019,.1157759249275305
2025m10,98,1,30452271,2030,8941707485,0,0,73,1356866575,2104,10329026331,96.48288973384031,86.56873550766051,.0475285171102662,.2948222806694286,3.469581749049429,13.13644221167007,0,0
2025m10,99,0,0,221,2916309133,0,0,0,0,221,2916309133,100,100,0,0,0,0,0,0
2025m11,01,74,20320723,32,223800541,15,14855982,67,5262340,188,264239586,17.02127659574468,84.69606858981379,39.36170212765958,7.690264470820053,35.63829787234042,1.991503271580209,7.978723404255319,5.622163667785946
2025m11,02,176,831398422,109,430341437,37,148960140,1,50821,323,1410750820,33.74613003095975,30.50442579221751,54.4891640866873,58.93304545447651,.3095975232198143,.0036024079716643,11.45510835913313,10.55892634533432
2025m11,03,1210,1203614152,200,160809082,124,76673537,39,40892594,1573,1481989365,12.71455816910362,10.85089311690169,76.92307692307693,81.2161126405924,2.479338842975207,2.759304146558434,7.883026064844247,5.173690095947483
2025m11,04,446,243806735,48,31572569,60,15825365,8,7528717,562,298733386,8.540925266903916,10.56881168280267,79.35943060498221,81.61348762002785,1.423487544483986,2.520212789339856,10.67615658362989,5.297487907829625
2025m11,05,167,62731426,26,7127319,9,5986315,12,1803639,214,77648699,12.14953271028037,9.178929063576454,78.03738317757009,80.78876633850621,5.607476635514018,2.32281934305171,4.205607476635514,7.709485254865635
2025m11,06,294,287402465,42,20027863,17,17207466,9,5937382,362,330575176,11.60220994475138,6.058489703413181,81.21546961325967,86.94012311438655,2.486187845303867,1.796076182078475,4.696132596685083,5.205311000121799
2025m11,07,809,286633039,326,536628321,116,239577206,1,595360,1252,1063433926,26.03833865814697,50.4618395068957,64.61661341853035,26.95353533417364,.0798722044728434,.0559846724318254,9.265175718849839,22.52864048649883
2025m11,08,562,1181197930,104,316892436,90,168758417,1,503566,757,1667352349,13.73844121532365,19.00572702524798,74.24042272126816,70.84273043477747,.1321003963011889,.0302015348046869,11.889035667107,10.12134100516987
2025m11,09,716,1021425562,25,10473183,179,37333222,8,6123900,928,1075355867,2.693965517241379,.9739271734498287,77.15517241379311,94.9848876399909,.8620689655172413,.5694765972760532,19.28879310344828,3.471708589283216
2025m11,10,168,116571708,44,57475355,16,54077038,0,0,228,228124101,19.29824561403509,25.19477545250688,73.68421052631578,51.10012817102565,0,0,7.017543859649122,23.70509637646747
2025m11,11,339,79478596,35,60709141,32,26201856,0,0,406,166389593,8.620689655172415,36.48614069270546,83.49753694581281,47.76656674675561,0,0,7.881773399014778,15.74729256053893
2025m11,12,380,78092741,79,37427895,38,33070564,127,27681150,624,176272350,12.66025641025641,21.23299258221723,60.89743589743589,44.3023202447803,20.3525641025641,15.70362566789403,6.089743589743589,18.76106150510843
2025m11,13,70,56260881,19,6354114,5,394873,80,40228308,174,103238176,10.91954022988506,6.154810406568981,40.22988505747126,54.49619818932098,45.97701149425287,38.96650401882342,2.873563218390804,.3824873852866211
2025m11,14,7,1383357,12,13059601,1,2037408,30,5252382,50,21732748,24,60.09180707382242,14,6.365311004388401,60,24.16805274694208,2,9.374829174847102
2025m11,15,424,719564259,57,76823104,38,241902425,52,168153405,571,1206443193,9.982486865148861,6.367734879333022,74.25569176882661,59.6434430709246,9.106830122591944,13.93794635136211,6.654991243432574,20.05087569838027
2025m11,16,655,435971301,93,89678026,32,7069800,5,15728321,785,548447448,11.84713375796178,16.35125230813363,83.43949044585987,79.49190074451764,.6369426751592357,2.867789987419177,4.076433121019108,1.28905695992955
2025m11,17,436,298909403,26,55857240,31,111611280,3,1085119,496,467463042,5.241935483870968,11.94901735140807,87.90322580645162,63.94289519041807,.6048387096774194,.2321293669243696,6.25,23.87595809124949
2025m11,18,438,664853459,16,51156106,38,168132921,5,4044438,497,888186924,3.219315895372234,5.759610349769121,88.12877263581488,74.85512801807471,1.006036217303823,.4553588766861872,7.645875251509055,18.92990275546997
2025m11,19,776,677683660,48,98430652,60,424185098,243,142477115,1127,1342776525,4.259094942324756,7.330382246591628,68.85536823425022,50.4688343430788,21.56166814551908,10.6106349304848,5.323868677905945,31.59014847984477
2025m11,20,1769,868102570,190,92592668,110,134573239,109,69095249,2178,1164363726,8.723599632690542,7.952211661392824,81.22130394857668,74.55596139036712,5.004591368227731,5.934163651539244,5.05050505050505,11.55766329670081
2025m11,21,1022,580341122,44,22679060,103,144507715,14,2893740,1183,750421637,3.719357565511412,3.022175651899547,86.3905325443787,77.33533967917825,1.183431952662722,.3856152138107926,8.706677937447168,19.25686945511141
2025m11,22,1012,1576052476,56,109118328,73,129556542,0,0,1141,1814727346,4.907975460122699,6.012932369180268,88.69412795793164,86.84789367801812,0,0,6.397896581945661,7.139173952801612
2025m11,23,227,354645385,31,19955832,22,25813510,1,62608,281,400477335,11.03202846975089,4.983011585412194,80.78291814946618,88.55566944880913,.3558718861209964,.0156333441441823,7.829181494661921,6.445685621634492
2025m11,24,114,212975393,4,17308719,19,9565370,1,4511586,138,244361068,2.898550724637681,7.083255586360426,82.60869565217391,87.15602478869506,.7246376811594203,1.84627855694263,13.76811594202899,3.91444106800188
2025m11,25,360,197733929,110,86908077,55,99122426,3,1962931,528,385727363,20.83333333333334,22.53095977533748,68.18181818181817,51.26261395150232,.5681818181818182,.5088907835662154,10.41666666666667,25.69753548959398
2025m11,26,23,45607926,50,128320998,13,54504567,0,0,86,228433491,58.13953488372093,56.17433653806919,26.74418604651163,19.96551635241612,0,0,15.11627906976744,23.86014710951469
2025m11,27,70,5908290884,268,4207919468,186,3915954813,32,166407033,556,14198572198,48.20143884892087,29.63621559492245,12.58992805755396,41.61186633140646,5.755395683453238,1.171998357859109,33.45323741007194,27.57991971581198
2025m11,28,727,359381101,267,491681892,339,203583406,96,81284352,1429,1135930751,18.68439468159552,43.28449525353152,50.87473757872638,31.63758888326812,6.717984604618614,7.155748880681548,23.72288313505948,17.92216698251881
2025m11,29,1945,1186626483,395,327823347,1390,954265685,90,45028557,3820,2513744072,10.34031413612565,13.04123799441425,50.91623036649214,47.20554077949109,2.356020942408377,1.791294408271806,36.38743455497382,37.96192681782284
2025m11,30,268,1520431206,735,12035558823,207,1547370638,55,402807531,1265,15506168198,58.10276679841897,77.61787870037652,21.18577075098814,9.805331572477762,4.347826086956522,2.597724504574602,16.36363636363636,9.979065222571114
2025m11,31,70,178389992,61,88587064,53,301057184,9,1781347,193,569815587,31.60621761658031,15.54661999795383,36.26943005181347,31.30661850427759,4.66321243523316,.3126181593905749,27.46113989637306,52.83414333837801
2025m11,32,976,286067075,28,3554355,95,32274823,0,0,1099,321896253,2.547770700636943,1.104192722616128,88.80800727934486,88.86933983664606,0,0,8.644222020018198,10.02646744073781
2025m11,33,928,1342167952,20,1198801,41,17054165,140,22376372,1129,1382797290,1.771479185119575,.0866939072465206,82.19663418954826,97.06180086598232,12.40035429583702,1.618196113184457,3.631532329495128,1.233309113586706
2025m11,34,753,441191029,17,4690525,101,34172558,0,0,871,480054112,1.951779563719862,.9770825585595651,86.45235361653272,91.90443701480054,0,0,11.59586681974742,7.118480426639903
2025m11,35,279,211446777,10,2417969,18,5251330,30,68052433,337,287168509,2.967359050445104,.8420035359796362,82.7893175074184,73.63160317832761,8.902077151335313,23.69773525550464,5.341246290801187,1.828658030188122
2025m11,36,84,71218974,7,8067398,11,17215947,0,0,102,96502319,6.862745098039216,8.359797032442298,82.35294117647058,73.80027209501566,0,0,10.7843137254902,17.83993087254204
2025m11,37,95,89816321,5,2375071,9,8907820,0,0,109,101099212,4.587155963302752,2.349247786421916,87.1559633027523,88.83978343965727,0,0,8.256880733944955,8.810968773920809
2025m11,38,1103,1211141941,118,95653382,133,79148134,40,118484044,1394,1504427501,8.464849354375897,6.358125063282793,79.12482065997131,80.50517158154503,2.869440459110474,7.875689850208342,9.540889526542324,5.261013504963839
2025m11,39,6026,4689120600,66,50807737,433,299485073,45,911472,6570,5040324882,1.004566210045662,1.008025041827056,91.71993911719939,93.03211022658043,.684931506849315,.0180835962232325,6.590563165905632,5.941781135369281
2025m11,40,2784,2362334135,117,175556199,94,117641594,114,33318561,3109,2688850489,3.763267931810871,6.529042790523114,89.54647796719203,87.85665639142944,3.66677388227726,1.239137733254606,3.023480218719846,4.375163084792849
2025m11,41,316,23820702,28,4334484,13,1184084,0,0,357,29339270,7.84313725490196,14.77366001267244,88.51540616246498,81.19050678493363,0,0,3.641456582633054,4.035833202393924
2025m11,42,2475,1073346739,11,357162,271,6682993,0,0,2757,1080386894,.3989844033369605,.0330587127614675,89.77149075081611,99.34836723408087,0,0,9.829524845846935,.6185740531576644
2025m11,43,188,15456539,3,25836,8,121050,0,0,199,15603425,1.507537688442211,.1655790315267321,94.47236180904522,99.05862975596705,0,0,4.020100502512562,.7757912125062285
2025m11,44,1628,764982429,247,168936515,328,482739900,12,7183814,2215,1423842658,11.15124153498871,11.86483029222461,73.49887133182844,53.72661260721969,.5417607223476297,.5045370680276388,14.80812641083521,33.90402003252806
2025m11,45,8,635995,21,6757272,4,58511,29,7280269,62,14732047,33.87096774193548,45.86784171948406,12.90322580645161,4.317085059530424,46.7741935483871,49.41790506098711,6.451612903225806,.3971681599984035
2025m11,46,185,42332911,8,258899,5,2876115,15,2003379,213,47471304,3.755868544600939,.5453800047287515,86.85446009389672,89.17579133701489,7.042253521126761,4.220189527551213,2.347417840375587,6.058639130705152
2025m11,47,19,18338969,17,145472915,14,120227444,1,26681254,51,310720582,33.33333333333333,46.81792048136676,37.25490196078432,5.90207732038813,1.96078431372549,8.586896248797578,27.45098039215686,38.69310594944753
2025m11,48,2013,1087561208,119,161752426,94,165246305,93,19791426,2319,1434351365,5.13152220784821,11.27704340421498,86.80465717981889,75.82251005840538,4.010349288486417,1.379817141248372,4.053471323846486,11.52062939613126
2025m11,49,81,215143559,437,46444470,55,29278918,301,105157535,874,396024482,50,11.72767647228436,9.267734553775744,54.32582296768208,34.43935926773455,26.55329147050056,6.292906178489703,7.393209089533006
2025m11,50,42,1602911,17,297579,7,55405,49,2332997,115,4288892,14.78260869565217,6.938365433310048,36.52173913043478,37.37354542851627,42.60869565217391,54.39626365037869,6.086956521739131,1.291825487794983
2025m11,51,333,16153343,15,1023790,73,2479900,1,3819,422,19660852,3.554502369668247,5.207251445664715,78.90995260663507,82.15993386247962,.2369668246445498,.0194243871018408,17.29857819905213,12.61339030475383
2025m11,52,1171,51544001,30,2274721,135,3420740,0,0,1336,57239462,2.245508982035928,3.974043292021159,87.6497005988024,90.04976496809142,0,0,10.10479041916168,5.976191739887422
2025m11,53,301,16987209,2,81543,3,28648,0,0,306,17097400,.6535947712418301,.4769321651245219,98.36601307189542,99.3555101945325,0,0,.9803921568627451,.1675576403429761
2025m11,54,1063,111631637,43,1520219,89,8107101,0,0,1195,121258957,3.598326359832636,1.253696252723005,88.95397489539749,92.06052877396925,0,0,7.447698744769875,6.685774973307746
2025m11,55,794,104144994,47,4753323,38,3764176,0,0,879,112662493,5.346985210466439,4.219082032917557,90.32992036405005,92.43980958241356,0,0,4.323094425483505,3.341108384668888
2025m11,56,945,212012959,23,2654389,51,4861229,0,0,1019,219528577,2.25711481844946,1.209131419824217,92.73797841020608,96.57647395946998,0,0,5.004906771344456,2.214394620705805
2025m11,57,780,219096769,6,94920,18,1058971,0,0,804,220250660,.7462686567164178,.0430963521289789,97.01492537313433,99.47610100237611,0,0,2.238805970149254,.4808026454949102
2025m11,58,862,48675376,16,61990,70,1285674,0,0,948,50023040,1.687763713080169,.1239228963293714,90.92827004219409,97.30591343508911,0,0,7.383966244725738,2.570163668581518
2025m11,59,746,171236228,18,5474294,29,7248851,0,0,793,183959373,2.269861286254729,2.975816839732325,94.07313997477932,93.08372017554115,0,0,3.656998738965952,3.940462984726524
2025m11,60,473,45045036,20,1134933,29,2269301,0,0,522,48449270,3.831417624521073,2.342518267045097,90.61302681992338,92.97361136710626,0,0,5.555555555555555,4.68387036584865
2025m11,61,9074,3140927841,93,2575130,1216,31622248,0,0,10383,3175125219,.8956948858711354,.0811032580570486,87.39285370316864,98.92295970579798,0,0,11.71145141096022,.9959370361449673
2025m11,62,11728,2101447270,125,3873153,1497,24933582,0,0,13350,2130254005,.9363295880149813,.1818164871845881,87.8501872659176,98.64773238626067,0,0,11.21348314606742,1.170451126554741
2025m11,63,2875,1076208342,41,1094898,114,4928376,0,0,3030,1082231616,1.353135313531353,.1011703949332783,94.88448844884488,99.44343947164819,0,0,3.762376237623762,.455390133418538
2025m11,64,3395,1847109485,45,1903955,312,5433732,0,0,3752,1854447172,1.199360341151386,.1026696812261633,90.48507462686567,99.60431943757739,0,0,8.315565031982942,.2930108811964582
2025m11,65,970,190493418,7,29332,62,4201047,0,0,1039,194723797,.6737247353224254,.0150633874502766,93.35899903753609,97.82749768380903,0,0,5.967276227141483,2.157438928740692
2025m11,66,109,23760587,1,1542,8,358165,0,0,118,24120294,.847457627118644,.0063929569017691,92.37288135593221,98.50869562369347,0,0,6.779661016949152,1.484911419404755
2025m11,67,234,164799759,2,22928,17,218786,0,0,253,165041473,.7905138339920948,.0138922657337165,92.49011857707509,99.85354347873519,0,0,6.719367588932807,.1325642555310931
2025m11,68,1042,536757642,39,19552952,53,52127637,32,6434981,1166,614873212,3.344768439108062,3.179997374808385,89.36535162950257,87.2956621827916,2.74442538593482,1.046554130902681,4.545454545454546,8.477786311497336
2025m11,69,1145,453386733,54,9381355,60,52340800,0,0,1259,515108888,4.289118347895156,1.821237260421723,90.94519459888801,88.01764899851622,0,0,4.765687053216839,10.16111374106206
2025m11,70,1934,589629578,92,21015983,127,47338371,1,28265,2154,658012197,4.271123491179202,3.193859186169463,89.78644382544104,89.60769734789582,.0464252553389044,.0042955130814999,5.896007428040854,7.19414795285322
2025m11,71,1118,1442036784,290,2231401634,102,455650859,100,181661006,1610,4310750283,18.01242236024845,51.76364872722552,69.44099378881987,33.4521066944392,6.211180124223603,4.214138933456749,6.335403726708075,10.57010564487852
2025m11,72,1613,1205153463,0,0,335,421294619,0,0,1948,1626448082,0,0,82.8028747433265,74.09725993331769,0,0,17.19712525667351,25.90274006668231
2025m11,73,4985,2696158596,0,0,277,29082665,0,0,5262,2725241261,0,0,94.73584188521474,98.93284072070271,0,0,5.264158114785253,1.067159279297291
2025m11,74,943,388194417,66,21205268,74,644121400,4,1102656,1087,1054623741,6.071757129714812,2.010695111025383,86.75252989880404,36.8088069619893,.3679852805887764,.1045544450719889,6.807727690892364,61.07594348191333
2025m11,75,173,111540476,33,101081850,20,4077676,7,26643584,233,243343586,14.16309012875537,41.53873609802068,74.2489270386266,45.83662048935204,3.004291845493562,10.94895675614807,8.583690987124463,1.675686656479205
2025m11,76,1442,1850337856,0,0,51,66652887,0,0,1493,1916990743,0,0,96.58405894172807,96.52304596444262,0,0,3.415941058271936,3.476954035557385
2025m11,78,36,30072321,11,33057478,5,25127552,0,0,52,88257351,21.15384615384615,37.45577861270728,69.23076923076923,34.0734461880688,0,0,9.615384615384617,28.47077519922391
2025m11,79,56,69715255,12,11696890,29,162063149,1,131279,98,243606573,12.24489795918367,4.801549422888519,57.14285714285714,28.6179695980535,1.020408163265306,.0538897610123188,29.59183673469388,66.52659121804567
2025m11,80,41,2224304,25,105221897,13,5244942,1,4707,80,112695850,31.25,93.36803174207391,51.24999999999999,1.973723078533948,1.25,.0041767287792763,16.25,4.654068450612867
2025m11,81,172,102748922,92,51575416,176,119652683,4,531165,444,274508186,20.72072072072072,18.78829799268718,38.73873873873874,37.43018505102066,.9009009009009009,.1934969618720223,39.63963963963964,43.58801999442013
2025m11,82,2360,811351223,19,2654272,108,15215179,0,0,2487,829220674,.7639726578206675,.3200923569833716,94.89344591877764,97.84503069444696,0,0,4.342581423401689,1.834876948569664
2025m11,83,1529,1069669913,8,858048,86,14432789,20,11159491,1643,1096120241,.4869141813755326,.0782804630281433,93.06147291539865,97.5869136422598,1.217285453438831,1.018090039995895,5.234327449786975,1.316715854716162
2025m11,84,16730,30542387747,584,1430226433,832,760562310,2238,26362548321,20384,59095724811,2.864992150706437,2.420185956893077,82.07417582417582,51.68290573418076,10.97919937205651,44.60990774766318,4.081632653061225,1.287000561262986
2025m11,85,10780,23400181409,1005,1672342162,574,488229812,2466,16892550137,14825,42453303520,6.779089376053962,3.939250949486533,72.7150084317032,55.11981275609338,16.63406408094435,39.79089667083699,3.871838111298483,1.150039623583103
2025m11,86,254,89079814,4,3102045,12,5446719,4,722866,274,98351444,1.45985401459854,3.154041134363009,92.7007299270073,90.57295996589536,1.45985401459854,.7349825997470866,4.37956204379562,5.538016299994538
2025m11,87,3124,25031715334,21,6690850,190,174710958,0,0,3335,25213117142,.6296851574212894,.0265371788911193,93.67316341829086,99.28052605721717,0,0,5.697151424287856,.6929367638917068
2025m11,88,186,1402539197,60,1501827999,29,479430841,157,385865133,432,3769663170,13.88888888888889,39.839845929789,43.05555555555556,37.20595537982774,36.3425925925926,10.23606395581492,6.712962962962964,12.71813473456834
2025m11,89,146,96808613,14,1922528,27,15110681,0,0,187,113841822,7.48663101604278,1.688771284774413,78.07486631016043,85.03782818936261,0,0,14.43850267379679,13.27340052586298
2025m11,90,5165,8183370667,65,43577180,261,326775863,1568,827572141,7059,9381295851,.9208103130755065,.4645113073089459,73.16900410823062,87.23070668459617,22.21277801388299,8.821512018638501,3.69740756481088,3.483269989456385
2025m11,91,717,296416468,10,406006,92,2740908,10,181919,829,299745301,1.20627261761158,.1354503302121824,86.48974668275031,98.88944614347766,1.20627261761158,.0606911932874637,11.09770808202654,.9144123330226952
2025m11,92,474,96684686,12,1957351,15,6114356,0,0,501,104756393,2.395209580838324,1.868478804916469,94.61077844311377,92.29478338376924,0,0,2.994011976047904,5.836737811314293
2025m11,93,338,209361701,16,7470423,48,67537228,0,0,402,284369352,3.980099502487562,2.627014109452976,84.07960199004975,73.62315929179316,0,0,11.94029850746269,23.74982659875386
2025m11,94,5027,4333501946,48,5472780,183,38102682,195,99437851,5453,4476515259,.8802494039977994,.1222553634547993,92.18778653951954,96.80525353482325,3.57601320374106,2.221322730891645,3.35595085274161,.8511683708302982
2025m11,95,1340,2898674367,26,9293276,57,27363582,0,0,1423,2935331225,1.827125790583275,.3166005907902268,94.16725228390725,98.7511849535822,0,0,4.005621925509487,.9322144556275758
2025m11,96,1040,452637173,45,18434783,66,97615688,4,524720,1155,569212364,3.896103896103896,3.238647676317867,90.04329004329004,79.51991236086361,.3463203463203463,.0921835211576676,5.714285714285714,17.14925644166085
2025m11,97,37,64278602,308,169968377,22,7039244,326,1068522429,693,1309808652,44.44444444444444,12.97658071966988,5.339105339105339,4.907480333241836,47.04184704184704,81.57851357665334,3.174603174603174,.5374253704349481
2025m11,98,1,24520806,2008,9444512521,0,0,71,1036713905,2080,10505747232,96.53846153846153,89.89853184581169,.0480769230769231,.2334037309151205,3.413461538461538,9.868064423273189,0,0
2025m11,99,0,0,224,2820305691,0,0,0,0,224,2820305691,100,100,0,0,0,0,0,0
2025m12,01,74,37701762,32,232542145,13,6806450,67,19711311,186,296761668,17.20430107526882,78.35989956762207,39.78494623655914,12.70439078405504,36.02150537634409,6.642135129123212,6.989247311827956,2.293574519199697
2025m12,02,111,811957692,137,453824811,73,249354126,2,3907466,323,1519044095,42.41486068111455,29.87568382601823,34.36532507739938,53.45188429174599,.6191950464396285,.2572319008290539,22.60061919504644,16.41519998140673
2025m12,03,1256,1222868619,201,192310249,141,77705815,39,41136834,1637,1534021517,12.27855833842395,12.53634625517446,76.72571777642028,79.71652323309621,2.382406841783751,2.681633441521016,8.613317043372023,5.065497070208306
2025m12,04,445,255030415,43,29708595,55,6451023,12,10329020,555,301519053,7.747747747747748,9.852974365769184,80.18018018018019,84.58185725331261,2.162162162162162,3.425660798954552,9.90990990990991,2.139507581963651
2025m12,05,164,63504889,26,7454227,8,9447069,13,2376903,211,82783088,12.32227488151659,9.004528799408885,77.72511848341233,76.71239444462377,6.161137440758294,2.871242251799063,3.791469194312796,11.41183450416829
2025m12,06,291,190429810,42,19894232,23,32846841,11,5538675,367,248709558,11.4441416893733,7.998981687708199,79.291553133515,76.5671458432651,2.997275204359673,2.226965077071948,6.267029972752043,13.20690739195476
2025m12,07,840,341796418,301,635017986,131,218889417,6,60353,1278,1195764174,23.55242566510172,53.10562064054614,65.72769953051643,28.58393196851204,.4694835680751174,.0050472326661294,10.25039123630673,18.30540015827569
2025m12,08,436,856844679,208,516189609,122,483727542,40,257213927,806,2113975757,25.80645161290322,24.41795310522097,54.09429280397022,40.5323796246354,4.962779156327544,12.16730731884169,15.13647642679901,22.88235995130194
2025m12,09,138,102209909,484,451211350,74,18525483,258,623326979,954,1195273721,50.73375262054507,37.74962521743587,14.46540880503145,8.551171769633511,27.0440251572327,52.14930840096667,7.756813417190776,1.549894611963949
2025m12,10,202,139341241,44,43427201,17,56386121,2,6312,265,239160875,16.60377358490566,18.15815442220639,76.22641509433963,58.26255695042093,.7547169811320755,.0026392276746771,6.415094339622642,23.57664939969801
2025m12,11,349,68428823,59,58587887,31,23165878,27,8013481,466,158196069,12.66094420600858,37.03498283512975,74.89270386266095,43.25570378110976,5.793991416309012,5.065537374383178,6.652360515021459,14.64377600937732
2025m12,12,420,115009740,87,35137306,48,25628466,137,25566195,692,201341707,12.57225433526012,17.45157847499525,60.69364161849711,57.12166729568852,19.79768786127168,12.69791310550476,6.936416184971097,12.72884112381147
2025m12,13,70,47716306,15,5822952,4,891353,88,46859518,177,101290129,8.474576271186439,5.748785254286723,39.54802259887006,47.10854499948361,49.71751412429379,46.26266987970762,2.259887005649718,.8799998665220379
2025m12,14,10,2030388,13,13345956,1,1786918,37,6329953,61,23493215,21.31147540983606,56.80770384130056,16.39344262295082,8.642444212084213,60.65573770491803,26.94374950384611,1.639344262295082,7.606102442769114
2025m12,15,427,581022395,71,90514958,32,327367390,57,247691310,587,1246596053,12.0954003407155,7.260969404015913,72.74275979557071,46.60871447504896,9.710391822827939,19.86941234122454,5.45144804088586,26.26090377971059
2025m12,16,630,451025131,100,106047387,38,4850478,8,12729712,776,574652708,12.88659793814433,18.45416988794561,81.18556701030928,78.4865580064403,1.030927835051546,2.215200907049411,4.896907216494846,.8440711985646816
2025m12,17,451,380034422,24,52318994,29,35039010,3,1330119,507,468722545,4.733727810650888,11.16203915474132,88.95463510848126,81.07875886362581,.591715976331361,.2837753409109007,5.719921104536489,7.475426640721965
2025m12,18,362,327455600,68,413506005,17,83848999,29,56809906,476,881620510,14.28571428571428,46.90294750515729,76.05042016806722,37.14246620691708,6.092436974789916,6.44380494278655,3.571428571428571,9.510781345139078
2025m12,19,805,789410637,49,105967032,47,255891959,264,145070205,1165,1296339833,4.206008583690987,8.174325072984161,69.09871244635193,60.89534679908274,22.66094420600858,11.19075425340263,4.034334763948498,19.73957387453047
2025m12,20,1742,724078864,228,94858268,180,273646315,148,161944089,2298,1254527536,9.921671018276761,7.561274286768624,75.80504786771105,57.71725555811156,6.440382941688425,12.90877117901699,7.83289817232376,21.81269897610283
2025m12,21,1002,606137976,84,30135741,91,118445076,45,11521711,1222,766240504,6.873977086743044,3.932935004438241,81.99672667757774,79.10544702815659,3.682487725040916,1.503667704833312,7.446808510638298,15.45795026257187
2025m12,22,1027,1229843891,56,119147982,75,319372881,2,32945,1160,1668397699,4.827586206896552,7.141461659376215,88.5344827586207,73.71407259415071,.1724137931034483,.0019746490911457,6.46551724137931,19.14249109738193
2025m12,23,224,350052427,29,20167423,17,32792441,2,17619,272,403029910,10.66176470588235,5.00395193994411,82.35294117647058,86.85519816630979,.7352941176470588,.0043716358421141,6.25,8.136478257903985
2025m12,24,130,243891204,8,10412344,9,9774524,0,0,147,264078072,5.442176870748299,3.942903672819908,88.43537414965986,92.3557197130703,0,0,6.122448979591836,3.701376614109785
2025m12,25,352,197579889,94,129554772,61,85064828,7,4517941,514,416717430,18.28793774319066,31.08935760138471,68.48249027237354,47.41339689102998,1.361867704280156,1.084173752943331,11.86770428015564,20.41307175464199
2025m12,26,29,33300097,50,175611495,12,35540532,0,0,91,244452124,54.94505494505495,71.8388092222099,31.86813186813187,13.62233899019016,0,0,13.18681318681319,14.53885178759993
2025m12,27,76,1136014320,265,4990670885,229,11430629090,32,162185619,602,17719499914,44.01993355481728,28.16485176907798,12.62458471760797,6.411096958229878,5.3156146179402,.9152945612864547,38.03986710963455,64.5087567114057
2025m12,28,768,378196624,251,904986556,351,193168529,100,103310457,1470,1579662166,17.07482993197279,57.28987979066405,52.24489795918367,23.94161436161154,6.802721088435375,6.540034902627401,23.87755102040816,12.228470945097
2025m12,29,1868,1395808708,416,340487428,1423,914397880,86,36263605,3793,2686957621,10.96757184286844,12.6718570229359,49.24861587134195,51.94755202281621,2.267334563669918,1.349615815172546,37.5164777221197,34.03097513907533
2025m12,30,280,1464918020,759,11585378188,218,1831920791,66,707526803,1323,15589743802,57.36961451247166,74.31410249675635,21.16402116402116,9.396677960878783,4.988662131519274,4.538411996926029,16.47770219198791,11.75080754543884
2025m12,31,17,93720800,128,249355933,17,162995332,30,14539104,192,520611169,66.66666666666666,47.89676976753451,8.854166666666668,18.00207248338923,15.625,2.792699209263411,8.854166666666668,31.30845853981285
2025m12,32,992,300382384,32,3884032,98,34227490,0,0,1122,338493906,2.85204991087344,1.147445177343902,88.41354723707666,88.740854318364,0,0,8.734402852049911,10.11170050429209
2025m12,33,886,1407967363,22,1401573,36,13277698,139,21746133,1083,1444392767,2.031394275161588,.0970354485304619,81.80978762696213,97.47815103812411,12.83471837488458,1.505555379176168,3.32409972299169,.9192581341692636
2025m12,34,764,378003301,15,2738885,109,80558791,0,0,888,461300977,1.689189189189189,.5937305873080776,86.03603603603604,81.94287891135336,0,0,12.27477477477477,17.46339050133857
2025m12,35,276,230079827,9,1740856,15,11914922,28,63542473,328,307278078,2.74390243902439,.5665409037087247,84.14634146341463,74.87674633268176,8.536585365853659,20.67914294881785,4.573170731707317,3.877569814791669
2025m12,36,74,52443946,9,9399440,18,35825677,0,0,101,97669063,8.91089108910891,9.623763872906203,73.26732673267327,53.69555557218768,0,0,17.82178217821782,36.68068055490611
2025m12,37,106,125666695,2,1275261,5,10339298,0,0,113,137281254,1.769911504424779,.9289403781232943,93.80530973451327,91.53958850055376,0,0,4.424778761061947,7.531471121322945
2025m12,38,1162,1225597015,121,154624346,117,55472904,37,101335147,1437,1537029412,8.420320111343075,10.05994711570295,80.86290883785665,79.73803269029442,2.574808629088379,6.592921788538943,8.1419624217119,3.609098405463695
2025m12,39,6028,4874630442,66,58354424,407,237005850,44,2177875,6545,5172168591,1.008403361344538,1.128239015672101,92.10084033613445,94.24732307609344,.6722689075630253,.0421075794742979,6.218487394957983,4.582330328760159
2025m12,40,2870,2377923757,108,123901436,104,72140040,118,57395475,3200,2631360708,3.375,4.708645060455162,89.6875,90.36859712051306,3.6875,2.181208939751334,3.25,2.741548879280446
2025m12,41,337,26732771,39,5280267,14,209360,1,8768,391,32231166,9.974424552429667,16.38248830340175,86.18925831202046,82.94075057663133,.2557544757033248,.0272034837337253,3.580562659846547,.6495576362332036
2025m12,42,2601,1094238694,17,390145,303,8741588,0,0,2921,1103370427,.5819924683327627,.0353593852484139,89.0448476549127,99.17237830772494,0,0,10.37315987675453,.7922623070266501
2025m12,43,220,14200142,9,440542,9,1135361,0,0,238,15776045,3.781512605042017,2.792474286172485,92.43697478991596,90.01078533941809,0,0,3.781512605042017,7.196740374409429
2025m12,44,1839,1010771508,269,175516279,198,160126898,11,4579203,2317,1350993888,11.60984031074666,12.99164123235471,79.36987483815278,74.81688236919692,.4747518342684506,.3389506822106363,8.54553301683211,11.85252571623773
2025m12,45,10,722057,13,6252857,3,285587,34,14606671,60,21867172,21.66666666666667,28.59472180490463,16.66666666666666,3.302013630294763,56.66666666666666,66.79725663656919,5,1.306007928231415
2025m12,46,198,40151613,9,170654,8,3997599,16,2087095,231,46406961,3.896103896103896,.3677336251343845,85.71428571428571,86.52066874191567,6.926406926406926,4.497374865809464,3.463203463203463,8.614222767140472
2025m12,47,24,16489525,17,166691169,14,109405253,1,55228,56,292641175,30.35714285714285,56.96094167199814,42.85714285714285,5.634724846905088,1.785714285714286,.0188722588337065,25,37.38546122226307
2025m12,48,2002,1026229841,111,155222905,108,179327322,100,20499946,2321,1381280014,4.782421370099095,11.23761318680747,86.25592417061611,74.29556864637296,4.308487720809995,1.484126736955741,4.653166738474796,12.98269142986383
2025m12,49,89,212886984,487,45962851,46,24446639,301,121962999,923,405259473,52.76273022751896,11.34158583875965,9.642470205850486,52.53103213703286,32.61105092091008,30.09503962909215,4.983748645720476,6.032342395115339
2025m12,50,45,1168660,19,196158,12,179545,45,3113022,121,4657385,15.70247933884298,4.211762609275377,37.1900826446281,25.09262171798123,37.1900826446281,66.84055537603183,9.917355371900827,3.855060296711567
2025m12,51,330,16825510,16,1068518,79,3157342,1,4780,426,21056150,3.755868544600939,5.074612405401748,77.46478873239437,79.90781790593246,.2347417840375587,.0227012060609371,18.54460093896714,14.99486848260485
2025m12,52,1171,52991638,29,2527381,103,1713354,0,0,1303,57232373,2.225633154259401,4.415998966179508,89.8695318495779,92.59032121558197,0,0,7.904834996162702,2.993679818238534
2025m12,53,284,16233279,6,82276,8,506701,0,0,298,16822256,2.013422818791946,.4890901672165731,95.30201342281879,96.49882275005207,0,0,2.684563758389262,3.012087082731353
2025m12,54,1051,108335051,33,1181638,73,5443473,0,0,1157,114960162,2.852203975799481,1.027867375482648,90.83837510803802,94.23703752261588,0,0,6.309420916162489,4.735095101901474
2025m12,55,813,102663477,40,3810294,36,4257550,0,0,889,110731321,4.499437570303712,3.441026410224077,91.45106861642294,92.7140361668764,0,0,4.049493813273341,3.844937422899525
2025m12,56,999,221908952,24,3024593,54,6575412,0,0,1077,231508957,2.22841225626741,1.306469105642422,92.75766016713092,95.85329003058833,0,0,5.013927576601671,2.840240863769258
2025m12,57,777,244872036,8,107621,16,346075,0,0,801,245325732,.9987515605493134,.0438686146465875,97.00374531835206,99.81506383521155,0,0,1.997503121098627,.1410675501418661
2025m12,58,906,50814569,8,12608,80,1910645,1,1630,995,52739452,.8040201005025126,.0239062021349786,91.05527638190955,96.35020288037882,.1005025125628141,.0030906654092652,8.040201005025125,3.622800252076947
2025m12,59,769,175630325,21,5322910,35,8934104,0,0,825,189887339,2.545454545454545,2.803193740052358,93.21212121212122,92.49185644757495,0,0,4.242424242424243,4.704949812372694
2025m12,60,499,49573662,21,895437,33,2228707,0,0,553,52697806,3.79746835443038,1.699192182687833,90.23508137432188,94.07158620607468,0,0,5.967450271247739,4.229221611237477
2025m12,61,9475,3591579782,94,1981997,1301,36917221,4,153818,10874,3630632818,.8644473054993563,.0545909514774843,87.13444914474894,98.92434630661678,.0367849917233769,.0042366718891924,11.96431855802832,1.016826070016536
2025m12,62,12434,2500033956,129,3703724,1485,27898502,0,0,14048,2531636182,.9182801822323462,.1462976404877437,88.51082004555809,98.7517074441939,0,0,10.57089977220957,1.101994915318365
2025m12,63,2980,1049634252,35,1322449,130,6580016,0,0,3145,1057536717,1.112877583465819,.1250499371550425,94.75357710651828,99.25274793083142,0,0,4.133545310015898,.6222021320135402
2025m12,64,3534,1984430992,45,1843305,350,6992069,0,0,3929,1993266366,1.145329600407228,.0924766017950257,89.94655128531433,99.55673892106401,0,0,8.908119114278442,.3507844771409743
2025m12,65,1054,246761618,10,47712,55,3569956,0,0,1119,250379286,.8936550491510277,.0190558894716235,94.19124218051832,98.55512488361357,0,0,4.915102770330653,1.425819226914802
2025m12,66,113,42879688,0,0,7,362825,0,0,120,43242513,0,0,94.16666666666667,99.1609530186185,0,0,5.833333333333333,.8390469813814937
2025m12,67,236,163647014,2,142009,11,142365,0,0,249,163931388,.8032128514056224,.0866270954772859,94.77911646586345,99.82652864502069,0,0,4.417670682730924,.0868442595020302
2025m12,68,1075,603709879,46,18349751,49,50786711,38,9514164,1208,682360505,3.80794701986755,2.68915783746892,88.99006622516556,88.47374292273848,3.145695364238411,1.394301682217086,4.056291390728477,7.442797557575523
2025m12,69,1146,517387700,52,10371043,59,40352207,0,0,1257,568110950,4.136833731105807,1.825531262863354,91.16945107398568,91.07159437782356,0,0,4.693715194908513,7.102874359313089
2025m12,70,1908,599773838,88,17127105,144,51996877,0,0,2140,668897820,4.112149532710281,2.560496459683483,89.1588785046729,89.66598784848783,0,0,6.728971962616822,7.773515691828687
2025m12,71,1154,1445897409,318,4668227647,128,915207866,114,52889197,1714,7082222119,18.55309218203034,65.91473083675533,67.32788798133022,20.41587209078044,6.651108518086348,.7467881705956418,7.467911318553091,12.92260890186859
2025m12,72,1685,1251847714,0,0,386,360386312,0,0,2071,1612234026,0,0,81.36166103331723,77.64677421589165,0,0,18.63833896668276,22.35322578410834
2025m12,73,4985,2889333697,0,0,297,47499575,0,0,5282,2936833272,0,0,94.37712987504733,98.38262609413803,0,0,5.622870124952669,1.61737390586196
2025m12,74,969,594654865,76,19386303,76,1994957823,1,10446,1122,2609009437,6.773618538324421,.7430522375684301,86.36363636363636,22.79236159773231,.089126559714795,.0004003818403973,6.773618538324421,76.46418578285886
2025m12,75,174,134790056,45,101744337,28,5230684,6,30130529,253,271895606,17.78656126482213,37.42036824236138,68.77470355731225,49.57419429573275,2.371541501976284,11.08165352256557,11.06719367588933,1.923783939340307
2025m12,76,1485,1971574448,0,0,55,39535722,0,0,1540,2011110170,0,0,96.42857142857143,98.03413445022755,0,0,3.571428571428571,1.965865549772442
2025m12,78,44,24237882,9,33121822,6,28664875,0,0,59,86024579,15.25423728813559,38.50274233832635,74.57627118644068,28.17553108862062,0,0,10.16949152542373,33.32172657305303
2025m12,79,51,99480892,15,17801164,28,117111934,1,14574,95,234408564,15.78947368421053,7.594075786411968,53.68421052631579,42.43910303550172,1.052631578947368,.0062173496357411,29.47368421052631,49.96060382845057
2025m12,80,31,2395891,25,73540189,14,4581707,1,49741,71,80567528,35.2112676056338,91.27770309646338,43.66197183098591,2.973767545654373,1.408450704225352,.0617382725209094,19.71830985915493,5.686791085361338
2025m12,81,199,94973160,91,62104460,188,140213796,3,2231564,481,299522980,18.91891891891892,20.73445583373937,41.37214137214137,31.70813805338075,.6237006237006237,.7450393288688567,39.08523908523909,46.81236678401103
2025m12,82,2419,859917215,19,3195876,112,16393939,0,0,2550,879507030,.7450980392156863,.3633712853892709,94.86274509803921,97.77263690547193,0,0,4.392156862745098,1.863991809138808
2025m12,83,1585,1093786191,7,766586,87,15269051,22,7135410,1701,1116957238,.411522633744856,.0686316336847982,93.18048206937097,97.92552067243957,1.293356848912405,.6388257094583597,5.114638447971781,1.367021984417276
2025m12,84,17144,29328755581,601,1282959125,835,903622539,2284,31951179746,20864,63466516991,2.88055981595092,2.021473976871825,82.17024539877301,46.21138353182202,10.94708588957055,50.34336412463111,4.002108895705522,1.423778366675045
2025m12,85,11031,22025362379,1039,4054815761,604,1011260570,2570,16695289329,15244,43786728039,6.815796378903174,9.260376243204227,72.36289687745997,50.30145746305234,16.85909210181055,38.12865239469326,3.962214641826292,2.309513899050163
2025m12,86,255,102315048,5,1209685,11,5286898,2,106897,273,108918528,1.831501831501832,1.110632894340988,93.4065934065934,93.93722985312472,.7326007326007326,.0981439998895321,4.029304029304029,4.853993252644766
2025m12,87,3250,26805519186,20,5372148,168,167640479,1,416494,3439,26978948307,.5815644082582146,.0199123699666459,94.50421634195988,99.35716871159502,.0290782204129107,.0015437740391531,4.885141029369003,.6213751443991749
2025m12,88,182,1389059218,74,1269107974,28,1774225162,152,503590011,436,4935982365,16.97247706422019,25.71135551453697,41.74311926605505,28.14149474782413,34.86238532110092,10.20242727305611,6.422018348623854,35.94472246458279
2025m12,89,142,78919063,12,1037515,34,70664097,0,0,188,150620675,6.382978723404255,.6888264177544019,75.53191489361703,52.39590315207391,0,0,18.08510638297873,46.91527043017169
2025m12,90,5334,8910585955,68,46617806,263,328149085,1611,952616017,7276,10237968863,.9345794392523363,.4553423303373842,73.30951072017592,87.03470458093344,22.1412864211105,9.3047364154696,3.614623419461242,3.205216673259577
2025m12,91,795,597679401,15,625010,110,3698402,11,488367,931,602491180,1.611170784103115,.1037376182004855,85.39205155746508,99.20135278992798,1.181525241675618,.0810579500931449,11.81525241675618,.6138516417783908
2025m12,92,512,100335013,14,1744941,10,4920530,0,0,536,107000484,2.611940298507462,1.630778604702386,95.52238805970148,93.77061602824152,0,0,1.865671641791045,4.598605367056097
2025m12,93,382,263501228,17,7005728,48,59565911,0,0,447,330072867,3.803131991051454,2.122479216081702,85.4586129753915,79.83122950848305,0,0,10.73825503355705,18.04629127543525
2025m12,94,5200,4588290691,52,7900772,141,15491877,196,82007730,5589,4693691070,.9303989980318483,.1683274821919628,93.03989980318482,97.75442445128797,3.50688853104312,1.74719061772423,2.522812667740204,.3300574487958365
2025m12,95,1323,2338308352,22,7877790,61,12035309,0,0,1406,2358221451,1.564722617354196,.3340564134322261,94.09672830725462,99.15558825098653,0,0,4.338549075391181,.5103553355812469
2025m12,96,1068,527588210,39,18451727,64,36188318,7,1009074,1178,583237329,3.310696095076401,3.163673873830528,90.66213921901529,90.45858071268961,.5942275042444821,.1730125884998009,5.432937181663837,6.204732824980069
2025m12,97,35,132907784,297,28812575,23,1336992,381,473683828,736,636741179,40.35326086956522,4.525005755910126,4.755434782608696,20.87312527968291,51.76630434782609,74.39189479529485,3.125,.2099741691121252
2025m12,98,1,26742554,2057,9468220020,0,0,74,1255734869,2132,10750697443,96.48217636022514,88.07075141124869,.0469043151969981,.2487518055622766,3.470919324577861,11.68049678318903,0,0
2025m12,99,0,0,223,2977489251,0,0,0,0,223,2977489251,100,100,0,0,0,0,0,0
2026m1,01,64,32598406,31,205615692,17,7583647,59,5060184,171,250857929,18.12865497076023,81.96499621106256,37.42690058479532,12.99476804657827,34.50292397660819,2.017151309576505,9.941520467836257,3.023084432782669
2026m1,02,85,672874088,136,419366623,120,901440841,3,5632009,344,1999313561,39.53488372093023,20.97553036104275,24.70930232558139,33.6552555399788,.8720930232558139,.2816971339494656,34.88372093023256,45.08751696502898
2026m1,03,1144,1272738526,190,158572530,105,30339852,42,38373269,1481,1500024177,12.82916948008103,10.57133161127709,77.24510465901417,84.84786748873849,2.835921674544227,2.558176700641272,7.089804186360567,2.022624199343155
2026m1,04,415,213978662,45,25154297,63,16740647,12,7475756,535,263349362,8.411214953271028,9.551683288300506,77.57009345794393,81.25277402418769,2.242990654205607,2.838721895213856,11.77570093457944,6.356820792297952
2026m1,05,153,62093956,27,5059287,8,8455573,10,1136482,198,76745298,13.63636363636363,6.592308756166404,77.27272727272727,80.90913400323235,5.05050505050505,1.480849028692286,4.040404040404041,11.01770821190896
2026m1,06,288,308476892,38,19789552,22,21451028,17,13637578,365,363355050,10.41095890410959,5.446340156824571,78.9041095890411,84.89682254312964,4.657534246575342,3.753237501446588,6.027397260273973,5.903599798599194
2026m1,07,794,338190259,278,600685160,117,234289677,14,83507329,1203,1256672425,23.10889443059019,47.79966107714984,66.00166251039069,26.91156838266742,1.163757273482959,6.645115094333354,9.725685785536159,18.64365544584938
2026m1,08,411,906775157,197,659157879,129,606546233,32,111281152,769,2283760421,25.61768530559167,28.8628296093936,53.44603381014304,39.70535388309017,4.161248374512354,4.872715674408301,16.77503250975293,26.55910083310792
2026m1,09,129,68543530,509,660160712,105,52247976,210,453165206,953,1234117424,53.41028331584469,53.49253637958522,13.53620146904512,5.55405252912141,22.03567681007345,36.71978024029583,11.01783840503673,4.23363085099753
2026m1,10,212,167554750,47,49045813,22,51452167,2,32892,283,268085622,16.6077738515901,18.29483156690887,74.91166077738515,62.50046113998609,.7067137809187279,.0122692144974489,7.773851590106007,19.19243807860759
2026m1,11,322,61259104,53,43029601,35,35779957,22,23818107,432,163886769,12.26851851851852,26.2556893778289,74.53703703703704,37.37891983214337,5.092592592592593,14.53327022390685,8.101851851851851,21.83212056612087
2026m1,12,424,92619220,86,27361425,36,34877248,137,34091959,683,188949852,12.59150805270864,14.4807866798435,62.07906295754027,49.01788438553527,20.05856515373353,18.04286091740363,5.27086383601757,18.45846801721761
2026m1,13,64,50958175,18,8577252,4,1814088,76,48767744,162,110117259,11.11111111111111,7.789198603281617,39.50617283950617,46.27628353880475,46.91358024691358,44.28710307800161,2.469135802469136,1.647414779912021
2026m1,14,9,2413901,8,4534102,1,234663,36,6084089,54,13266755,14.81481481481481,34.17642068463614,16.66666666666666,18.19511251997945,66.66666666666666,45.85966198968776,1.851851851851852,1.768804805696645
2026m1,15,402,476213629,70,94854574,34,107297117,55,293545783,561,971911103,12.4777183600713,9.759593619952708,71.65775401069519,48.99765292628826,9.803921568627452,30.20294573175588,6.060606060606061,11.03980772200315
2026m1,16,616,448434127,98,97886605,31,15139123,8,17722147,753,579182002,13.01460823373174,16.90083681156929,81.80610889774236,77.42542507389587,1.062416998671979,3.05985803060227,4.116865869853918,2.61388008393258
2026m1,17,408,229761879,25,47587843,27,136811534,1,442967,461,414604223,5.42299349240781,11.47789635514639,88.50325379609545,55.41715840168854,.2169197396963124,.1068409281494463,5.856832971800434,32.99810431501562
2026m1,18,300,253421237,76,788616790,22,121700382,23,77253270,421,1240991679,18.05225653206651,63.54730683089456,71.25890736342043,20.42086512652596,5.463182897862233,6.225123931713324,5.225653206650831,9.806704110866162
2026m1,19,748,667858724,48,85192582,56,227624422,260,120645383,1112,1101321111,4.316546762589928,7.73548978123602,67.26618705035972,60.64159828858489,23.38129496402878,10.95460550015735,5.035971223021583,20.66830643002175
2026m1,20,1614,602876323,216,98607519,196,307345430,121,168529079,2147,1177358351,10.06054960409874,8.375319113016594,75.1746623195156,51.20584760688549,5.635770843036796,14.31417026573586,9.12901723334886,26.10466301436206
2026m1,21,970,588976583,87,38544602,106,103609692,36,7025323,1199,738156200,7.25604670558799,5.221740601785909,80.90075062552127,79.79023721537529,3.002502085070892,.9517393473088758,8.840700583819849,14.03628283552993
2026m1,22,931,1417332104,52,88043422,69,79122590,3,19135807,1055,1603633923,4.928909952606635,5.490244421575509,88.24644549763033,88.38252195042897,.2843601895734597,1.193277762807715,6.540284360189573,4.933955865187818
2026m1,23,208,314330942,29,13493856,20,107114987,3,5190993,260,440130778,11.15384615384616,3.065874207052159,80,71.41762351370937,1.153846153846154,1.179420585760535,7.692307692307693,24.33708169347793
2026m1,24,129,237537447,3,4601729,12,1300890,0,0,144,243440066,2.083333333333333,1.890292372825762,89.58333333333334,97.57532969121033,0,0,8.333333333333332,.5343779359639181
2026m1,25,347,213209068,104,114621588,54,86386659,11,507258,516,414724573,20.15503875968992,27.63800253523921,67.24806201550388,51.40979866654779,2.131782945736434,.1223120193555543,10.46511627906977,20.82988677885745
2026m1,26,25,18009449,44,127447780,11,17010470,0,0,80,162467699,55.00000000000001,78.44499601117634,31.25,11.08494125961617,0,0,13.75,10.47006272920748
2026m1,27,61,1275115341,263,4518233391,222,10619334997,35,530537827,581,16943221556,45.26678141135972,26.66690851008783,10.49913941480207,7.525814006418698,6.024096385542169,3.13126889857687,38.20998278829605,62.6760085849166
2026m1,28,772,387216990,248,643377365,338,227400945,117,131944574,1475,1389939874,16.8135593220339,46.28814361217469,52.33898305084745,27.85854246239143,7.932203389830509,9.492826018458407,22.91525423728813,16.36048790697546
2026m1,29,1878,1367574199,381,280437071,1434,821915298,89,45377402,3782,2515303970,10.07403490216817,11.14923183618241,49.65626652564781,54.37013638554389,2.353252247488101,1.804052414388707,37.91644632469593,32.676579363885
2026m1,30,267,2363991420,733,8003645147,214,1140747239,49,280021820,1263,11788405626,58.03642121931908,67.89421233815966,21.14014251781473,20.05352967144329,3.879651623119557,2.375400277900142,16.94378463974664,9.676857712496904
2026m1,31,12,5143896,147,497440464,19,275206943,26,16417642,204,794208945,72.05882352941177,62.63345019363891,5.88235294117647,.647675404864648,12.74509803921569,2.067169112531212,9.313725490196079,34.65170528896523
2026m1,32,978,326386490,21,2325398,95,17893556,3,755472,1097,347360916,1.914311759343664,.6694472212872676,89.15223336371923,93.9617772081186,.2734731084776664,.2174890625864195,8.659981768459435,5.151286508007711
2026m1,33,896,1289984546,26,2279871,36,27596637,130,25266068,1088,1345127122,2.389705882352941,.1694911181784944,82.35294117647058,95.90056767883682,11.94852941176471,1.878340536501352,3.308823529411765,2.051600666483328
2026m1,34,733,406968267,14,3050887,100,47719126,0,0,847,457738280,1.652892561983471,.6665134058702715,86.54073199527745,88.90850618829607,0,0,11.80637544273908,10.42498040583366
2026m1,35,272,208995232,7,706172,21,13720082,31,53868984,331,277290470,2.114803625377644,.2546686873155071,82.17522658610272,75.37050660269716,9.365558912386707,19.42691503245676,6.344410876132931,4.94790967753057
2026m1,36,71,72833971,7,6409209,9,6525155,0,0,87,85768335,8.045977011494253,7.472698403204399,81.60919540229885,84.91941810459535,0,0,10.3448275862069,7.607883492200239
2026m1,37,105,102470095,2,694243,11,309922,0,0,118,103474260,1.694915254237288,.6709330417052511,88.98305084745762,99.02955092406556,0,0,9.322033898305085,.299516034229189
2026m1,38,1097,1216476145,106,87148517,127,81923433,47,108998447,1377,1494546542,7.697893972403776,5.831100909268304,79.66594045025418,81.39433004020827,3.413217138707335,7.293078130182446,9.222948438634713,5.481490920340974
2026m1,39,5949,5104313168,60,59601672,407,203119578,55,3009254,6471,5370043672,.927213722763097,1.109891755830026,91.93324061196105,95.05161372549821,.8499459125328388,.0560377938021358,6.289599752743007,3.782456724869629
2026m1,40,2809,2398168148,101,112510384,92,57752975,125,55853464,3127,2624284971,3.229932842980492,4.287277686810332,89.83050847457628,91.38367877350466,3.997441637352095,2.128330749793407,2.942117045091142,2.200712789891597
2026m1,41,314,19552737,26,2366993,12,1245984,5,1022183,357,24187897,7.282913165266107,9.785856951515875,87.95518207282913,80.83686233656444,1.400560224089636,4.226010223212047,3.361344537815126,5.151270488707638
2026m1,42,2479,994003363,10,70075,326,19146395,5,19278,2820,1013239111,.3546099290780142,.0069159391143953,87.90780141843972,98.10155887280983,.1773049645390071,.00190261112019,11.56028368794326,1.889622576955579
2026m1,43,187,10047585,5,270459,5,3559110,0,0,197,13877154,2.538071065989848,1.948951492503434,94.92385786802031,72.40378682833671,0,0,2.538071065989848,25.64726167915986
2026m1,44,1773,1078054970,242,143711130,186,174324763,19,29709126,2220,1425799989,10.9009009009009,10.07933308379342,79.86486486486486,75.61053291605826,.8558558558558558,2.083681177528751,8.378378378378379,12.22645282261957
2026m1,45,10,802602,16,6874927,2,137433,30,13128333,58,20943295,27.58620689655172,32.82638667888696,17.24137931034483,3.832262306384932,51.72413793103448,62.68513622140165,3.448275862068965,.656214793326456
2026m1,46,199,45925565,9,173225,6,179971,11,1829725,225,48108486,4,.3600716098195233,88.44444444444444,95.46250322656174,4.888888888888889,3.803331079676878,2.666666666666667,.3740940839418642
2026m1,47,31,122163398,17,44623547,11,6149821,2,82743947,61,255680713,27.86885245901639,17.45284048859798,50.81967213114754,47.77966885597663,3.278688524590164,32.36221693421201,18.0327868852459,2.405273721213379
2026m1,48,1952,1011082591,110,122706253,111,180822771,109,67115851,2282,1381727466,4.820333041191937,8.880640793457312,85.53900087642418,73.17525459105262,4.776511831726555,4.857387050016128,4.864154250657318,13.08671756547394
2026m1,49,75,215678786,503,63373223,60,37427071,250,88771302,888,405250382,56.64414414414415,15.63804152071102,8.445945945945946,53.22111849360329,28.15315315315316,21.90529755009583,6.756756756756757,9.235542435589856
2026m1,50,44,1632498,16,275162,9,67008,47,2451702,116,4426370,13.79310344827586,6.216425649008104,37.93103448275862,36.88119158588189,40.51724137931034,55.38854637095407,7.758620689655173,1.513836394155934
2026m1,51,349,18256994,16,863895,76,1208929,1,340,442,20330158,3.619909502262444,4.249327526131376,78.95927601809954,89.80251899665511,.2262443438914027,.0016723923149048,17.19457013574661,5.946481084898602
2026m1,52,1155,54464926,19,1896777,138,1408555,0,0,1312,57770258,1.448170731707317,3.283310592104332,88.03353658536585,94.27848842219122,0,0,10.51829268292683,2.438200985704443
2026m1,53,305,18423853,3,46684,4,483497,0,0,312,18954034,.9615384615384616,.2463011304084397,97.75641025641025,97.20280653712028,0,0,1.282051282051282,2.550892332471283
2026m1,54,1023,110342345,34,1358432,94,8702088,5,128713,1156,120531578,2.941176470588235,1.127034112172662,88.49480968858131,91.54642030821168,.4325259515570934,.1067877830322606,8.131487889273355,7.219757796583398
2026m1,55,777,116779015,30,4855564,33,1494180,2,75905,842,123204664,3.562945368171021,3.941055348359215,92.28028503562945,94.78457325284374,.2375296912114014,.0616088689629477,3.919239904988123,1.212762529834098
2026m1,56,931,211264444,20,2338393,58,10324078,2,8717,1011,223935632,1.978239366963402,1.044225512088224,92.08704253214638,94.34159365937798,.1978239366963402,.0038926364340267,5.736894164193868,4.610288192099773
2026m1,57,770,236660498,5,79737,14,2211241,2,890,791,238952366,.6321112515802781,.0333694122116372,97.34513274336283,99.04086825405194,.2528445006321113,.0003724591703771,1.769911504424779,.9253898745660464
2026m1,58,897,55573213,8,72645,78,1847496,3,8649,986,57502003,.8113590263691683,.1263347295919413,90.97363083164301,96.64569945502593,.3042596348884381,.0150412151729741,7.910750507099391,3.212924600209144
2026m1,59,782,174936605,17,4698923,28,7782352,0,0,827,187417880,2.055622732769045,2.507190349181199,94.55864570737606,93.34040327422336,0,0,3.385731559854897,4.152406376595446
2026m1,60,486,49848835,11,726569,33,1424619,3,78826,533,52078849,2.063789868667917,1.395132599800737,91.18198874296435,95.71800444360819,.5628517823639775,.1513589518846701,6.191369606003752,2.735504004706402
2026m1,61,9140,3279840875,55,2044972,1335,36882483,17,585041,10547,3319353371,.5214753010334692,.061607541332182,86.65971366265288,98.80963273313391,.1611832748648905,.0176251496785878,12.65762776144875,1.111134575855316
2026m1,62,12097,2828696565,84,2628053,1612,32204195,34,843917,13827,2864372730,.6075070514211326,.0917496865011698,87.48824763144573,98.75448594289612,.245895711289506,.0294625413501964,11.65834960584364,1.124301829252508
2026m1,63,2871,1081897885,24,773724,124,10255080,2,25067,3021,1092951756,.7944389275074478,.0707921457422499,95.03475670307844,98.98862223887583,.066203243958954,.002293513859362,4.104601125455147,.9382921015225488
2026m1,64,3504,2249367646,29,1250430,376,6325647,11,171352,3920,2257115075,.7397959183673469,.0553994793553005,89.38775510204081,99.65675524984033,.2806122448979592,.007591637745807,9.591836734693878,.2802536330585626
2026m1,65,1016,235381208,5,19366,59,4748225,2,2114,1082,240150913,.4621072088724584,.0080640959295458,93.90018484288355,98.01387180235288,.1848428835489834,.0008802798097211,5.452865064695009,1.977183821907852
2026m1,66,121,48783591,0,0,5,348126,0,0,126,49131717,0,0,96.03174603174604,99.29144344782415,0,0,3.968253968253968,.7085565521758582
2026m1,67,224,192707732,1,98871,11,219340,0,0,236,193025943,.423728813559322,.0512216122161361,94.91525423728814,99.83514599382116,0,0,4.661016949152542,.113632393962712
2026m1,68,1029,576499541,41,13830161,53,48227778,35,12068920,1158,650626400,3.540587219343696,2.125668586457605,88.86010362694302,88.60684733973291,3.022452504317789,1.854969303428204,4.576856649395509,7.412514770381281
2026m1,69,1070,469766014,40,9905018,65,45166209,1,126091,1176,524963332,3.401360544217687,1.886801876668978,90.98639455782312,89.48549076947721,.0850340136054422,.0240190109125565,5.527210884353742,8.603688342941256
2026m1,70,1796,627812806,76,19159356,145,43311541,9,4389411,2026,694673114,3.751233958538993,2.758039085416511,88.64758144126358,90.37528491422226,.4442250740375123,.6318671201661045,7.156959526159921,6.234808880195124
2026m1,71,1067,1100469318,293,2750535947,137,1078263178,118,200293424,1615,5129561867,18.14241486068111,53.62126470673875,66.06811145510835,21.45347588221222,7.306501547987616,3.904688727677646,8.48297213622291,21.02057068337139
2026m1,72,1637,1242777227,0,0,382,446824753,0,0,2019,1689601980,0,0,81.07974244675582,73.55443718170832,0,0,18.92025755324418,26.44556281829168
2026m1,73,4951,2946989775,0,0,261,36213967,0,0,5212,2983203742,0,0,94.99232540291635,98.78607128000847,0,0,5.007674597083652,1.213928719991529
2026m1,74,905,402114122,83,75571009,73,2374874098,2,3682856,1063,2856242085,7.808090310442145,2.645819463163607,85.13640639698966,14.07843278102248,.1881467544684854,.1289406111387088,6.867356538099719,83.14680714467521
2026m1,75,156,118148840,43,142566207,30,6933486,4,5504699,233,273153232,18.4549356223176,52.19275860517734,66.95278969957081,43.25368553574354,1.716738197424893,2.015242126075228,12.87553648068669,2.538313733003899
2026m1,76,1434,2121346278,0,0,65,141324257,0,0,1499,2262670535,0,0,95.66377585056705,93.75409478251768,0,0,4.336224149432955,6.245905217482314
2026m1,78,29,7404651,10,26139030,5,45758815,0,0,44,79302496,22.72727272727273,32.9611693432701,65.90909090909091,9.337223131034866,0,0,11.36363636363636,57.70160752569503
2026m1,79,54,28520754,15,11339490,24,175609999,0,0,93,215470243,16.12903225806452,5.262671003717205,58.06451612903226,13.23651637595266,0,0,25.80645161290322,81.50081262033014
2026m1,80,33,2526231,25,111810138,15,6020765,2,181075,75,120538209,33.33333333333333,92.75908355333205,44,2.095792712499984,2.666666666666667,.1502220760555684,20,4.994901658112408
2026m1,81,159,103725639,88,55488661,188,135253881,8,416112,443,294884293,19.86455981941309,18.81709616863181,35.89164785553047,35.17503016004993,1.805869074492099,.1411102625259189,42.43792325056434,45.86676340879234
2026m1,82,2336,830332858,16,3282372,116,19837641,2,53585,2470,853506456,.6477732793522267,.3845749469058498,94.57489878542511,97.28489481982314,.0809716599190283,.0062782184743076,4.696356275303644,2.324252014796711
2026m1,83,1508,1111023227,8,888235,78,16129106,23,7262036,1617,1135302604,.494743351886209,.0782377312331083,93.25912183055041,97.8614180118625,1.422387136672851,.6396564206242233,4.823747680890538,1.420687836280168
2026m1,84,16785,30496425597,560,1279574378,873,699758356,2203,27787469670,20421,60263228001,2.742275108956466,2.123308724814354,82.19479947113267,50.60536351702558,10.78791440184124,46.11015803789817,4.275011018069634,1.161169720261896
2026m1,85,10551,21520404173,992,3720775289,624,475466782,2411,16960036102,14578,42676682346,6.804774317464672,8.718520476437037,72.37618328988887,50.42661001275575,16.53861983811222,39.74075577032203,4.280422554534229,1.114113740485182
2026m1,86,242,89770472,3,402433,12,2303931,4,2605905,261,95082741,1.149425287356322,.4232450555879537,92.72030651340997,94.41300393306919,1.532567049808429,2.740670885791986,4.597701149425287,2.423080125550861
2026m1,87,3195,22918391019,19,8538862,190,165872026,3,83178,3407,23092885085,.5576753742295274,.0369761594039474,93.7775168770179,99.2443816987019,.0880540064572938,.0003601888620406,5.576753742295274,.7182819530321151
2026m1,88,172,1280445715,68,737761873,34,107031343,137,95449633,411,2220688564,16.54501216545012,33.22221246869086,41.84914841849148,57.65985090199258,33.33333333333333,4.298199871308023,8.27250608272506,4.81973675800854
2026m1,89,142,120136047,12,1475332,37,19954354,0,0,191,141565733,6.282722513089005,1.042153329577292,74.3455497382199,84.8623776772307,0,0,19.3717277486911,14.09546899319202
2026m1,90,5041,7665636525,57,32817817,290,408086631,1533,781938861,6921,8888479834,.8235804074555699,.3692174321470143,72.83629533304435,86.24237966629109,22.14997832683138,8.797217022521064,4.190145932668689,4.591185879040832
2026m1,91,800,473869855,14,363666,95,1964053,6,115984,915,476313558,1.530054644808743,.0763501256455942,87.43169398907104,99.48695497767041,.6557377049180327,.0243503461222072,10.38251366120219,.4123445505617961
2026m1,92,489,95654651,8,1507991,11,755180,1,2840,509,97920662,1.571709233791748,1.540013077117473,96.07072691552064,97.68587042436458,.1964636542239686,.0029003071895082,2.161100196463654,.7712161913284451
2026m1,93,339,193350535,17,6204827,48,58320600,1,989244,405,258865206,4.197530864197531,2.396933560858696,83.7037037037037,74.69158871818409,.2469135802469136,.3821463746657401,11.85185185185185,22.52933134629147
2026m1,94,5047,4530387196,37,5471354,140,20122009,213,90141807,5437,4646122366,.6805223468824719,.1177617283616761,92.82692661394151,97.50899436383892,3.917601618539636,1.940151375685915,2.57494942063638,.4330925321134773
2026m1,95,1263,2285288003,25,5809405,54,18755119,2,93183,1344,2309945710,1.860119047619048,.2514953046234147,93.97321428571429,98.93254170895645,.1488095238095238,.0040339909114141,4.017857142857143,.8119289955087299
2026m1,96,1029,509796898,37,17089056,71,89633359,8,376639,1145,616895952,3.231441048034934,2.770168282770641,89.86899563318778,82.63904088642812,.6986899563318777,.0610538938987883,6.200873362445416,14.52973693690245
2026m1,97,31,19313723,291,25143821,22,4152257,332,449328228,676,497938029,43.0473372781065,5.049588409725581,4.585798816568047,3.878740300030388,49.11242603550296,90.2377809749494,3.254437869822485,.8338903152946368
2026m1,98,1,31300961,2005,9274157704,0,0,68,1076896525,2074,10382355190,96.67309546769528,89.32614550629721,.0482160077145612,.3014822786081161,3.278688524590164,10.37237221509468,0,0
2026m1,99,0,0,221,2675335864,0,0,0,0,221,2675335864,100,100,0,0,0,0,0,0
2026m2,01,145,23544444,29,212063832,17,13639218,0,0,191,249247494,15.18324607329843,85.08163054991438,75.91623036649214,9.446210921583027,0,0,8.900523560209423,5.472158528502598
2026m2,02,159,855687664,128,392593280,52,265234139,4,1246051,343,1514761134,37.31778425655977,25.91783425042644,46.35568513119534,56.48994054530581,1.166180758017493,.0822605605617552,15.16034985422741,17.509964643706
2026m2,03,1111,1199860565,188,160216472,159,102223946,0,0,1458,1462300983,12.89437585733882,10.95646339998391,76.2002743484225,82.05291379469722,0,0,10.90534979423868,6.990622805318869
2026m2,04,447,221648126,42,16765828,49,9980156,12,14230085,550,262624195,7.636363636363637,6.383961690963012,81.27272727272728,84.39745088985423,2.181818181818182,5.4184211778355,8.90909090909091,3.80016624134726
2026m2,05,164,52276092,29,6237833,8,10590662,4,440260,205,69544847,14.14634146341463,8.969511429078276,80,75.16889353426861,1.951219512195122,.6330591251426579,3.902439024390244,15.22853591151045
2026m2,06,325,285996416,42,36511290,25,11129246,2,2666300,394,336303252,10.65989847715736,10.85665683661007,82.48730964467005,85.04122820673766,.5076142131979695,.7928261127846602,6.345177664974619,3.309288843867617
2026m2,07,800,202666227,265,568966108,114,350111175,19,104236680,1198,1225980190,22.12020033388982,46.40907843706675,66.7779632721202,16.53095446835891,1.585976627712855,8.5023135651156,9.515859766277128,28.55765352945874
2026m2,08,444,737874960,190,676127217,127,515942070,38,111016215,799,2040960462,23.77972465581978,33.12789392977471,55.56946182728411,36.1533196619073,4.755944931163955,5.439410369136293,15.89486858573217,25.2793760391817
2026m2,09,168,76097246,492,783779568,48,77666642,218,336768436,926,1274311892,53.1317494600432,61.506101678913,18.14254859611231,5.971634297516232,23.54211663066955,26.42747337713772,5.183585313174946,6.094790646433048
2026m2,10,184,112193047,43,54364678,18,45066584,2,46234,247,211670543,17.40890688259109,25.68362948830343,74.49392712550608,53.00361845814323,.8097165991902834,.0218424346367364,7.28744939271255,21.2909096189166
2026m2,11,310,71954249,61,49992054,39,16573489,22,14758991,432,153278783,14.12037037037037,32.61511673145264,71.75925925925925,46.94338485190087,5.092592592592593,9.628854503626897,9.027777777777777,10.81264391301959
2026m2,12,534,115791333,71,43297674,85,41561232,7,754981,697,201405220,10.18651362984218,21.49779136806881,76.61406025824964,57.49172389871524,1.004304160688666,.3748567192051924,12.19512195121951,20.63562801401076
2026m2,13,135,91603170,8,3006349,17,2880958,1,2336939,161,99827416,4.968944099378882,3.011546447320644,83.85093167701864,91.76153572882222,.6211180124223602,2.340979155465669,10.55900621118012,2.885938668391457
2026m2,14,11,2534848,14,4150864,5,1243145,23,4461416,53,12390273,26.41509433962264,33.50098904196865,20.75471698113208,20.4583708526842,43.39622641509434,36.00740677788133,9.433962264150944,10.03323332746583
2026m2,15,438,737728506,71,116107855,34,130060103,13,37973924,556,1021870388,12.76978417266187,11.36228785602113,78.77697841726618,72.19394109696033,2.338129496402878,3.716119426292642,6.115107913669065,12.7276516207259
2026m2,16,592,378129889,90,90935610,29,13251000,5,7940449,716,490256948,12.56983240223464,18.54856119244637,82.68156424581005,77.12891995566375,.6983240223463687,1.61965047765116,4.050279329608938,2.702868374238727
2026m2,17,419,307789002,26,38988184,34,127973376,1,356853,480,475107415,5.416666666666667,8.206183016529009,87.29166666666667,64.78303480066712,.2083333333333333,.0751099622387497,7.083333333333333,26.93567222056511
2026m2,18,322,296550771,55,370706123,23,88304193,36,292171340,436,1047732427,12.61467889908257,35.3817552503794,73.85321100917432,28.30405582168738,8.256880733944955,27.88606446367055,5.275229357798166,8.428124464262668
2026m2,19,715,660275173,53,86709140,64,243608188,250,110919442,1082,1101511943,4.898336414048059,7.871829311613737,66.08133086876155,59.94262497070356,23.10536044362292,10.06974483616652,5.914972273567468,22.11580088151618
2026m2,20,1591,621019632,188,100185810,164,151796670,173,137814357,2116,1010816469,8.884688090737241,9.911374920425835,75.1890359168242,61.43742717353767,8.175803402646503,13.63396434729043,7.750472589792061,15.01723355874606
2026m2,21,960,578311918,75,37020643,82,46861685,26,6679605,1143,668873851,6.561679790026247,5.534772056741684,83.98950131233596,86.46053618860935,2.274715660542432,.9986344943839045,7.174103237095363,7.006057260265059
2026m2,22,887,1143831881,54,91428678,112,381829701,5,17153649,1058,1634243909,5.103969754253308,5.594555224987532,83.83742911153119,69.99150339192116,.4725897920604915,1.049638239771466,10.58601134215501,23.36430314331984
2026m2,23,191,330504977,26,16384830,24,9459469,3,7007309,244,363356585,10.65573770491803,4.509297664166454,78.27868852459017,90.95885161954612,1.229508196721312,1.928493741210167,9.836065573770492,2.603356975077251
2026m2,24,126,266273161,5,4165273,10,11121656,0,0,141,281560090,3.546099290780142,1.4793549043119,89.36170212765957,94.57063357239302,0,0,7.092198581560284,3.950011523295081
2026m2,25,314,165150083,91,102853057,75,71744244,17,13258421,497,353005805,18.30985915492958,29.13636420228274,63.17907444668008,46.78395671142009,3.420523138832998,3.755864864601873,15.09054325955734,20.3238142216953
2026m2,26,19,66628090,43,208387345,13,31140131,5,7350165,80,313505731,53.75,66.47002730549765,23.75,21.2525907540746,6.25,2.344507379994275,16.25,9.932874560433474
2026m2,27,200,8025563350,199,1052238959,76,2986031192,104,4024914258,579,16088747759,34.36960276338515,6.540216645583125,34.54231433506045,49.88308269989827,17.96200345423144,25.01695171240704,13.12607944732297,18.55974894211156
2026m2,28,1071,583175684,243,967048123,124,109884813,22,9101588,1460,1669210208,16.64383561643836,57.93447214528418,73.35616438356163,34.9372224783327,1.506849315068493,.5452631403989113,8.493150684931507,6.583042235984217
2026m2,29,2976,1805742845,411,229812799,428,411064561,36,41753856,3851,2488374061,10.67255258374448,9.235460319323751,77.27862892755128,72.56717843595943,.9348221241236042,1.677957372020685,11.11399636458063,16.51940387269613
2026m2,30,301,892298196,871,8857140248,246,1060040082,69,399514456,1487,11208992982,58.5743106926698,79.01816213305931,20.24209818426362,7.960556291121781,4.640215198386012,3.564231475936881,16.54337592468056,9.457050099882023
2026m2,31,15,3818672,136,645560070,17,307328670,29,24020658,197,980728070,69.03553299492386,65.82457357420188,7.614213197969544,.389371133223504,14.72081218274112,2.449267919903628,8.629441624365482,31.336787372671
2026m2,32,1011,322313969,25,2621814,53,10083698,5,1108037,1094,336127518,2.285191956124315,.7800057595998433,92.41316270566728,95.89038437489667,.4570383912248629,.3296478094364175,4.844606946983546,2.999962056067067
2026m2,33,886,1291570348,22,2506564,63,16514346,107,17458797,1078,1328050055,2.040816326530612,.1887401751585335,82.18923933209648,97.25313764623125,9.925788497217068,1.314618898155913,5.844155844155844,1.24350328045429
2026m2,34,748,426229956,14,3166421,64,28064339,3,368070,829,457828786,1.688781664656212,.6916168438565591,90.2291917973462,93.09811200906009,.3618817852834741,.0803946827406348,7.720144752714113,6.12987646434272
2026m2,35,316,250724030,8,1191858,22,13712773,0,0,346,265628661,2.312138728323699,.4486932981979682,91.32947976878613,94.38892213517576,0,0,6.358381502890173,5.162384566626265
2026m2,36,77,72110968,7,10634993,10,13487491,0,0,94,96233452,7.446808510638298,11.05124338675911,81.91489361702128,74.9333693235903,0,0,10.63829787234043,14.01538728965059
2026m2,37,108,118745235,4,890875,14,830078,0,0,126,120466188,3.174603174603174,.739522860970748,85.71428571428571,98.57142238119131,0,0,11.11111111111111,.689054757837942
2026m2,38,1161,1218627955,110,106052353,92,71379693,13,89029277,1376,1485089278,7.994186046511628,7.14114326802109,84.375,82.05755526301766,.944767441860465,5.994877097213815,6.686046511627906,4.806424371747434
2026m2,39,6061,4799997375,52,36553507,231,116613768,55,34982324,6399,4988146974,.8126269729645258,.7328073368834139,94.71792467573059,96.22806625424826,.8595092983278638,.7013090067782753,3.609939052977028,2.337817402090046
2026m2,40,2801,2158026522,101,119845265,104,60420708,125,45775724,3131,2384068219,3.225806451612903,5.026922637736819,89.46023634621527,90.51865650493788,3.992334717342702,1.920067707592725,3.321622484829128,2.534353149732583
2026m2,41,335,20823619,28,4958594,18,568692,3,2650,384,26353555,7.291666666666667,18.81565504160634,87.23958333333334,79.01635661678283,.78125,.0100555693529772,4.6875,2.157932772257861
2026m2,42,2805,1001154050,12,153035,81,3272737,3,38453,2901,1004618275,.4136504653567736,.0152331491282099,96.69079627714581,99.65517001967737,.1034126163391934,.0038276229844614,2.792140641158221,.3257692082099541
2026m2,43,204,7873677,5,133476,8,6887003,0,0,217,14894156,2.304147465437788,.8961635691206673,94.00921658986175,52.86420391998043,0,0,3.686635944700461,46.2396325108989
2026m2,44,1649,886885690,246,142539469,183,209950207,17,31573918,2095,1270949284,11.74224343675418,11.21519723835023,78.71121718377088,69.7813595841327,.8114558472553699,2.484278357719268,8.735083532219571,16.5191648197978
2026m2,45,37,12964482,6,254832,18,1551809,6,537390,67,15308513,8.955223880597014,1.664642411709093,55.22388059701493,84.68805559364257,8.955223880597014,3.510399736408102,26.86567164179105,10.13690225824024
2026m2,46,190,43883260,8,236431,5,1086717,0,0,203,45206408,3.940886699507389,.5230032874985334,93.59605911330048,97.07309636279882,0,0,2.463054187192118,2.403900349702635
2026m2,47,26,27845424,18,140138608,12,107276100,0,0,56,275260132,32.14285714285715,50.91133502762398,46.42857142857143,10.11603961593683,0,0,21.42857142857143,38.9726253564392
2026m2,48,1853,939771221,107,157431625,168,230425708,90,26357669,2218,1353986223,4.824165915238954,11.62726934186833,83.54373309287647,69.4077387964678,4.05770964833183,1.946671875405042,7.57439134355275,17.01831998625883
2026m2,49,361,361798997,6,125360,487,56178047,3,329559,857,418431963,.7001166861143524,.0299594703763106,42.12368728121353,86.46543022335987,.3500583430571762,.078760474615081,56.82613768961493,13.42584983164874
2026m2,50,112,4095442,3,4638,24,868583,0,0,139,4968663,2.158273381294964,.0933450306450649,80.57553956834532,82.42543315978564,0,0,17.26618705035971,17.48122180956929
2026m2,51,393,15203404,12,1024542,38,2204291,3,40334,446,18472571,2.690582959641256,5.546288061364062,88.11659192825113,82.30258798301546,.672645739910314,.2183453510613114,8.520179372197308,11.93277860455916
2026m2,52,1204,50753234,30,3479155,132,1378473,1,370,1367,55611232,2.194586686174104,6.256209177311518,88.0760790051207,91.26435825050594,.0731528895391368,.0006653332190159,9.656181419166057,2.478767238963524
2026m2,53,312,17369464,1,108875,20,935915,0,0,333,18414254,.3003003003003003,.5912539275280986,93.69369369369369,94.32618883176043,0,0,6.006006006006006,5.082557240711462
2026m2,54,1034,104159220,36,864460,99,6903130,3,290046,1172,112216856,3.071672354948805,.7703477274394499,88.22525597269625,92.81958496502521,.2559726962457338,.2584691911168853,8.447098976109215,6.151598116418446
2026m2,55,807,91499473,31,3109535,43,3470568,4,299236,885,98378812,3.502824858757062,3.160777139695487,91.18644067796609,93.00729612388488,.4519774011299435,.3041671208633827,4.858757062146893,3.527759615556244
2026m2,56,941,195383253,19,2035299,67,5483553,3,426035,1030,203328140,1.844660194174757,1.000992287639084,91.35922330097087,96.09257872520745,.2912621359223301,.2095307614578091,6.504854368932039,2.696898225695666
2026m2,57,772,247545845,4,41266,24,616370,2,29680,802,248233161,.4987531172069825,.016623886927017,96.25935162094763,99.72311676762638,.2493765586034913,.0119565008480072,2.992518703241895,.2483028445985909
2026m2,58,909,47628236,12,82329,67,1420684,2,2864,990,49134113,1.212121212121212,.1675597562939622,91.81818181818183,96.93517007216555,.202020202020202,.005828944139075,6.767676767676768,2.891441227401419
2026m2,59,757,172384842,14,5328202,38,7267130,1,748,810,184980922,1.728395061728395,2.880406229135348,93.45679012345678,93.19060589394186,.1234567901234568,.0004043660242974,4.691358024691358,3.928583510898492
2026m2,60,515,46312330,16,1199457,28,2709672,3,103642,562,50325101,2.846975088967971,2.383416975159176,91.63701067615658,92.02630313648054,.5338078291814947,.2059449418690685,4.98220640569395,5.384334946491215
2026m2,61,10293,2985432560,70,3408963,315,13316560,16,42186,10694,3002200269,.6545726575649897,.113548820683288,96.25023377594914,99.44148599368472,.1496166074434262,.0014051694164311,2.945576959042454,.4435600162155605
2026m2,62,13834,2603477204,97,4787088,398,15570060,20,606520,14349,2624440872,.676005296536344,.1824041094266269,96.41089971426581,99.20121393384549,.1393825353683183,.0231104463610106,2.773712453829535,.5932715103668755
2026m2,63,2899,1033733836,28,862847,132,8357848,7,208145,3066,1043162676,.91324200913242,.0827145199738722,94.55316373124593,99.09612947079791,.228310502283105,.0199532637419631,4.305283757338552,.8012027454862658
2026m2,64,3703,2148856029,38,1899031,153,4931629,6,64838,3900,2155751527,.9743589743589745,.08809136749831,94.94871794871796,99.68013484329542,.1538461538461539,.0030076750120748,3.923076923076923,.2287661141941986
2026m2,65,1017,231123157,4,30492,59,4813893,4,4093,1084,235971635,.3690036900369004,.0129218920740198,93.81918819188192,97.94531321529387,.3690036900369004,.001734530508296,5.442804428044281,2.04003036212382
2026m2,66,124,53427074,0,0,8,366531,0,0,132,53793605,0,0,93.93939393939394,99.31863462208938,0,0,6.060606060606061,.6813653779106271
2026m2,67,227,158834349,0,0,7,159801,1,5032,235,158999182,0,0,96.59574468085106,99.89633091319929,.425531914893617,.0031647961559953,2.978723404255319,.1005042906447154
2026m2,68,994,479942135,43,18396067,75,65679965,39,8451821,1151,572469988,3.735881841876629,3.213455270252526,86.35968722849697,83.83708230308137,3.388357949609035,1.476378007086024,6.516072980017376,11.47308441958009
2026m2,69,1060,432917624,46,9477355,48,26209208,6,1855246,1160,470459433,3.96551724137931,2.014489313045616,91.37931034482759,92.02018147226735,.5172413793103449,.3943477098906421,4.137931034482759,5.570981504796397
2026m2,70,1788,587222623,90,19852998,102,44489394,4,347086,1984,651912101,4.536290322580645,3.045348900495406,90.12096774193549,90.07696315181607,.2016129032258064,.0532412267647107,5.141129032258065,6.824446720923808
2026m2,71,1188,1332149703,270,2717874505,129,1314168402,12,20295849,1599,5384488459,16.88555347091932,50.47600205098703,74.29643527204503,24.74050623645324,.7504690431519699,.3769317949985785,8.067542213883677,24.40655991756115
2026m2,72,1575,1450931536,0,0,349,242376032,0,0,1924,1693307568,0,0,81.86070686070686,85.68623700853854,0,0,18.13929313929314,14.31376299146145
2026m2,73,4808,2629295628,0,0,264,54341173,0,0,5072,2683636801,0,0,94.79495268138801,97.97509212201328,0,0,5.205047318611988,2.024907877986728
2026m2,74,922,940027084,70,149229701,53,1658842785,5,105678,1050,2748205248,6.666666666666667,5.430078452422779,87.80952380952381,34.20512658885658,.4761904761904762,.0038453459790497,5.047619047619047,60.36094961274159
2026m2,75,180,114508287,40,163593505,11,10462387,4,2449498,235,291013677,17.02127659574468,56.21505720502614,76.59574468085107,39.34807744448382,1.702127659574468,.8417123295548753,4.680851063829787,3.595153020935164
2026m2,76,1410,2209088138,0,0,65,39168055,0,0,1475,2248256193,0,0,95.59322033898306,98.25784734311193,0,0,4.406779661016949,1.742152656888067
2026m2,78,31,113822184,9,23609384,9,38927265,1,23907,50,176382740,18,13.38531423199345,62,64.53136174208429,2,.0135540472951038,18,22.06976997862716
2026m2,79,66,88730559,11,4585779,14,117922890,5,2973056,96,214212284,11.45833333333333,2.140763785516614,68.75,41.42178839753186,5.208333333333334,1.387901732096746,14.58333333333333,55.04954608485478
2026m2,80,44,7321474,25,91438729,4,1119719,2,56834,75,99936756,33.33333333333333,91.49659510660922,58.66666666666666,7.326107323315558,2.666666666666667,.0568699668418294,5.333333333333334,1.120427603233389
2026m2,81,327,188904038,92,89387613,52,47571177,12,2000769,483,327863597,19.04761904761905,27.26365897827931,67.70186335403726,57.61665513600768,2.484472049689441,.6102443266978493,10.76604554865424,14.50944155901517
2026m2,82,2334,780497121,13,3066020,110,24409459,2,10400,2459,807983000,.5286701911346076,.3794659046044286,94.91663277755184,96.59821072968118,.0813338755591704,.0012871557941194,4.473363155754371,3.021036209920258
2026m2,83,1532,1063944663,10,778545,98,11943613,18,8046405,1658,1084713226,.6031363088057901,.0717742700410293,92.40048250904704,98.08534066864969,1.085645355850422,.7418002110725623,5.910735826296743,1.101084850236721
2026m2,84,16392,27956043438,565,1045061270,967,557853910,2288,28844853685,20212,58403812303,2.795369087670691,1.789371667346309,81.1003364338017,47.86681268846554,11.32000791608945,49.38864869873972,4.784286562438156,.9551669454484311
2026m2,85,10684,20399372225,1043,2620007397,648,521663496,2411,16101178462,14786,39642221580,7.053969971594752,6.609133627167421,72.25754091708373,51.4587008799016,16.30596510212363,40.61623647783465,4.38252400919789,1.315929015096333
2026m2,86,224,100978407,5,817848,10,4716414,3,2376701,242,108889370,2.066115702479339,.7510815794048583,92.56198347107438,92.7348619980077,1.239669421487603,2.182674947977016,4.132231404958678,4.331381474610423
2026m2,87,3062,22259829107,17,9153108,223,206672584,4,843328,3306,22476498127,.514216575922565,.0407230163181194,92.6194797338173,99.03601967363535,.1209921355111918,.0037520435578305,6.745311554748941,.9195052664887043
2026m2,88,192,1485900914,71,1421241761,28,248532591,153,117750112,444,3273425378,15.99099099099099,43.41757018662669,43.24324324324324,45.39284518249372,34.45945945945946,3.597152780429137,6.306306306306306,7.592431850450448
2026m2,89,129,117581249,10,1248698,46,25301175,2,54031,187,144185153,5.347593582887701,.866037850651655,68.98395721925134,81.5487909493705,1.06951871657754,.0374733451231279,24.59893048128342,17.54769785485473
2026m2,90,5207,8220516118,67,50420904,279,219080394,1558,791512676,7111,9281530092,.9422022219097173,.543239137299777,73.22458163408804,88.56854458819762,21.90971733933343,8.527825349424079,3.923498804668823,2.36039092507852
2026m2,91,812,600450261,16,412563,75,2462552,9,340605,912,603665981,1.754385964912281,.0683429268809501,89.03508771929825,99.46730143801162,.9868421052631579,.0564227587308751,8.223684210526317,.407932876376547
2026m2,92,474,85266465,10,1270310,13,5377174,2,463914,499,92377863,2.004008016032064,1.375123821602152,94.98997995991984,92.30183750840827,.4008016032064128,.5021917426256115,2.605210420841683,5.820846927363973
2026m2,93,358,199887817,18,7207061,51,48126165,2,1220087,429,256441130,4.195804195804196,2.810415396313376,83.44988344988346,77.94686328203279,.4662004662004662,.4757766431617268,11.88811188811189,18.7669446784921
2026m2,94,5082,4263752716,37,6262243,187,18840774,195,80405505,5501,4369261238,.6726049809125614,.1433249846801676,92.38320305399019,97.58520911767921,3.544810034539175,1.840254006803335,3.39938193055808,.4312118908372766
2026m2,95,1253,2123020703,23,6687302,69,24963117,2,253877,1347,2154924999,1.707498144023756,.310326438419122,93.02152932442465,98.51947070014941,.1484780994803266,.0117812452924261,5.122494432071269,1.15842161613904
2026m2,96,1004,544787845,36,18008687,79,33569674,8,297818,1127,596664024,3.194321206743567,3.018229066212311,89.08606921029282,91.30562981621966,.709849157054126,.0499138523558779,7.009760425909494,5.626227265212155
2026m2,97,363,764547736,1,10522,285,95566268,0,0,649,860124526,.1540832049306626,.0012233112394705,55.93220338983051,88.88802875503634,0,0,43.91371340523883,11.11074793372419
2026m2,98,21,370415456,12,40663233,1972,8473149600,52,786531331,2057,9670759620,.583373845405931,.4204761011317537,1.020904229460379,3.830262260204954,2.527953330092367,8.133087388227317,95.86776859504133,87.61617425043598
2026m2,99,0,0,224,2655651392,0,0,0,0,224,2655651392,100,100,0,0,0,0,0,0
2026m3,01,140,31639588,36,200883604,19,26856151,0,0,195,259379343,18.46153846153846,77.44780354386201,71.7948717948718,12.19819112580604,0,0,9.743589743589745,10.35400533033195
2026m3,02,167,1079191147,143,478440909,52,491868325,2,15424901,364,2064925282,39.28571428571428,23.16988964058798,45.87912087912088,52.26296352741349,.5494505494505495,.7469956000083494,14.28571428571428,23.8201512319902
2026m3,03,1169,1284194271,198,130234087,128,135067137,1,1349708,1496,1550845203,13.23529411764706,8.397620004115911,78.14171122994652,82.80608977065005,.0668449197860962,.0870304784377632,8.55614973262032,8.709259746796276
2026m3,04,477,376678565,39,19364102,42,10554727,13,18257576,571,424854970,6.830122591943957,4.557814634956489,83.53765323992994,88.66050572504778,2.276707530647986,4.297366699040851,7.355516637478108,2.484312940954886
2026m3,05,182,72286748,24,6883334,6,6929818,6,546101,218,86646001,11.00917431192661,7.944202756685794,83.48623853211009,83.42767948401911,2.752293577981652,.6302668255860995,2.752293577981652,7.997850933708989
2026m3,06,321,181013751,38,41929889,31,35545577,6,4743781,396,263232998,9.595959595959595,15.92881185815465,81.06060606060606,68.76560020032139,1.515151515151515,1.80212246794378,7.828282828282829,13.50346547358018
2026m3,07,845,323879690,251,525576015,136,537151802,28,53996771,1260,1440604278,19.92063492063492,36.48302472970998,67.06349206349206,22.48221076017102,2.222222222222222,3.748202877403922,10.79365079365079,37.28656163271508
2026m3,08,446,934666377,189,751755228,126,336486423,52,237839176,813,2260747204,23.24723247232472,33.25251167710832,54.85854858548586,41.34325037962095,6.396063960639606,10.52037908436577,15.49815498154982,14.88385885890495
2026m3,09,179,35393298,563,439159836,20,1769463,266,887474562,1028,1363797159,54.76653696498055,32.20125757719077,17.4124513618677,2.595202502544589,25.87548638132296,65.07379459939175,1.945525291828794,.1297453208728968
2026m3,10,213,126308161,42,62534349,22,38157924,9,6083465,286,233083899,14.68531468531468,26.82911572540667,74.47552447552448,54.18999834046881,3.146853146853147,2.609989375542409,7.692307692307693,16.37089655858211
2026m3,11,368,85184852,65,63053603,23,29251775,23,16601841,479,194092071,13.56993736951983,32.48643938680009,76.82672233820459,43.88888817616872,4.801670146137787,8.553590527662514,4.801670146137787,15.07108190936867
2026m3,12,607,141846741,72,38936569,44,50893107,11,21655981,734,253332398,9.809264305177113,15.36975503622715,82.69754768392372,55.9923413348813,1.498637602179836,8.548445114390777,5.994550408719346,20.08945851450078
2026m3,13,162,121563433,8,2486485,5,1208435,1,4052333,176,129310686,4.545454545454546,1.922876660015553,92.04545454545455,94.00880682049741,.5681818181818182,3.133795918459516,2.840909090909091,.934520601027513
2026m3,14,11,1848872,6,4738961,2,70860,29,7023261,48,13681954,12.5,34.63658041826482,22.91666666666666,13.51321602162966,60.41666666666666,51.33229508007409,4.166666666666666,.5179084800314341
2026m3,15,465,851708384,70,106832939,22,173752178,14,70081140,571,1202374641,12.25919439579685,8.8851623576449,81.43607705779334,70.83552454929062,2.45183887915937,5.828561049966456,3.852889667250438,14.45075204309802
2026m3,16,625,418392800,95,96906172,18,4773522,4,14448026,742,534520520,12.80323450134771,18.12955132199602,84.23180592991913,78.27441311327019,.5390835579514826,2.702988091083949,2.425876010781671,.8930474736498424
2026m3,17,455,274181968,25,45192033,37,169106492,3,2180298,520,490660791,4.807692307692308,9.21044310630478,87.5,55.88014633107294,.576923076923077,.4443595331015557,7.115384615384615,34.46505102952072
2026m3,18,343,348905432,66,558461220,18,91084688,48,187973921,475,1186425261,13.89473684210526,47.07091448215549,72.21052631578947,29.4081256922934,10.10526315789474,15.84372207664921,3.789473684210527,7.677237748901909
2026m3,19,789,552976010,42,101337770,34,240174503,283,485953894,1148,1380442177,3.658536585365853,7.340964488656014,68.72822299651567,40.05789008864802,24.65156794425087,35.20277068439644,2.961672473867596,17.39837473829952
2026m3,20,1805,844457071,199,148631587,117,99316393,179,160331840,2300,1252736891,8.652173913043478,11.86454937727223,78.47826086956522,67.40897287106395,7.782608695652174,12.79852466642175,5.086956521739131,7.927953085242064
2026m3,21,1089,690117794,84,42623010,69,115817803,32,10247379,1274,858805986,6.593406593406594,4.963054600786167,85.47880690737834,80.35782298331581,2.511773940345369,1.193212339812452,5.416012558869702,13.48591007608557
2026m3,22,1019,1825230199,53,127678134,78,105240813,10,6311981,1160,2064461127,4.568965517241379,6.184574382639853,87.8448275862069,88.41194320051733,.8620689655172413,.3057447252190377,6.724137931034482,5.097737691623776
2026m3,23,223,420321581,27,23776074,25,19436412,1,924624,276,464458691,9.782608695652174,5.119093357648032,80.79710144927536,90.49708599381123,.3623188405797101,.199075615962583,9.057971014492754,4.18474503257815
2026m3,24,146,317486125,5,6541221,15,3808992,0,0,166,327836338,3.012048192771084,1.995270274157345,87.95180722891565,96.84287194545225,0,0,9.036144578313253,1.161857780390409
2026m3,25,328,231577200,118,142564740,50,95851742,15,18701380,511,488695062,23.09197651663405,29.17253540818466,64.18786692759295,47.38685082109546,2.935420743639922,3.826799461296787,9.784735812133071,19.61381430942308
2026m3,26,23,30082853,39,150642496,13,20180277,10,51106013,85,252011639,45.88235294117647,59.77600740892765,27.05882352941176,11.93708874692093,11.76470588235294,20.279227262198,15.29411764705882,8.007676581953422
2026m3,27,196,2603473947,210,2716232057,51,503129756,120,12460435685,577,18283271445,36.3951473136915,14.85637876772222,33.96880415944541,14.23965046316688,20.79722703639515,68.15211228736423,8.838821490467938,2.751858481746673
2026m3,28,1166,620316800,268,1053792609,114,133029355,28,78277736,1576,1885416500,17.00507614213198,55.89176762800155,73.98477157360406,32.90078346084274,1.776649746192894,4.151747690762226,7.233502538071066,7.055701220393478
2026m3,29,3196,2042201830,498,421502656,387,320132140,67,142269561,4148,2926106187,12.00578592092575,14.40489951706595,77.04918032786885,69.79247161545338,1.615236258437801,4.862077857326918,9.329797492767598,10.94055101015375
2026m3,30,206,434243743,1034,11306149181,185,1207861060,100,892674680,1525,13840928664,67.8032786885246,81.68634818852209,13.50819672131147,3.137388780345787,6.557377049180328,6.449528797311342,12.13114754098361,8.726734233820773
2026m3,31,12,645321,182,1267662051,0,0,32,28702954,226,1297010326,80.53097345132744,97.73723659621812,5.309734513274337,.0497544997957094,14.15929203539823,2.213008903986166,0,0
2026m3,32,1098,401011030,23,3083468,46,19737131,6,1499088,1173,425330717,1.96078431372549,.7249577509352564,93.60613810741688,94.28217007895999,.5115089514066496,.3524523247635557,3.92156862745098,4.640419845341196
2026m3,33,948,1554286378,27,2189804,32,12155084,122,29404631,1129,1598035897,2.391496899911426,.1370309643300835,83.96811337466785,97.262294352578,10.80602302922941,1.840048215137185,2.83436669619132,.7606264679547433
2026m3,34,815,470048020,16,2916227,56,27943987,0,0,887,500908234,1.803833145434047,.5821878743562439,91.88275084554679,93.83914819016532,0,0,6.313416009019165,5.578663935478449
2026m3,35,331,316625577,9,1017358,18,2709181,1,5050,359,320357166,2.506963788300836,.3175699213171339,92.20055710306406,98.83517854568609,.2785515320334262,.0015763655494443,5.013927576601671,.8456751674473234
2026m3,36,83,92540344,9,10174942,9,20876297,0,0,101,123591583,8.91089108910891,8.232714358873451,82.17821782178217,74.8759274326958,0,0,8.91089108910891,16.89135820843075
2026m3,37,113,119958138,4,1433695,9,419501,0,0,126,121811334,3.174603174603174,1.176979968054533,89.68253968253968,98.47863418029721,0,0,7.142857142857142,.3443858516482546
2026m3,38,1285,1587058578,109,126353148,84,74412416,19,78495325,1497,1866319467,7.2812291249165,6.770177894736603,85.83834335337342,85.03681208186208,1.269205076820307,4.205888991029851,5.61122244488978,3.987121032371463
2026m3,39,6833,5693816002,48,56440997,171,127354274,78,5362104,7130,5882973377,.6732117812061711,.9593957576055168,95.83450210378682,96.78466375966399,1.093969144460028,.0911461544423032,2.398316970546984,2.164794328288187
2026m3,40,3023,2610784330,116,124268353,106,68850337,145,91144515,3390,2895047535,3.421828908554572,4.292446030596869,89.1740412979351,90.18105224306791,4.277286135693215,3.148290793090553,3.126843657817109,2.378210933244659
2026m3,41,472,26403677,30,3819420,18,210056,10,1389926,530,31823079,5.660377358490567,12.0020441768064,89.05660377358491,82.97021479285522,1.886792452830189,4.367666623333336,3.39622641509434,.6600744070050544
2026m3,42,3175,1151844092,12,116333,75,4603718,8,126860,3270,1156691003,.3669724770642202,.010057396460963,97.09480122324159,99.58096751963757,.2446483180428135,.0109674925862633,2.293577981651376,.3980075913152062
2026m3,43,193,7681178,5,1644050,5,477859,0,0,203,9803087,2.463054187192118,16.77073762581114,95.07389162561576,78.35468562096817,0,0,2.463054187192118,4.874576753220695
2026m3,44,1885,1165567175,260,168484859,137,188357146,28,38571269,2310,1560980449,11.25541125541126,10.79352781823342,81.6017316017316,74.66891566429862,1.212121212121212,2.470964259975815,5.930735930735931,12.06659225749214
2026m3,45,45,18586431,1,2022,11,451912,11,809339,68,19849704,1.470588235294118,.0101865498850764,66.17647058823529,93.63580938033131,16.17647058823529,4.077335359761536,16.17647058823529,2.276668710022074
2026m3,46,262,53618408,10,603586,7,92199,0,0,279,54314193,3.584229390681003,1.111285957981554,93.9068100358423,98.71896283168563,0,0,2.508960573476703,.169751210332813
2026m3,47,30,15365624,23,179014088,10,27406848,1,80287434,64,302073994,35.9375,59.26166818584191,46.875,5.086708655893099,1.5625,26.57873090524966,15.625,9.072892253015333
2026m3,48,2054,1179819553,115,165890059,110,167153785,112,67401996,2391,1580265393,4.809703053115851,10.4976075369892,85.90547887913007,74.65958301853415,4.684232538686742,4.265232681710698,4.600585529067336,10.57757676276595
2026m3,49,556,450785141,9,1006329,363,31621303,0,0,928,483412773,.9698275862068966,.2081717853160657,59.91379310344828,93.25056477148567,0,0,39.11637931034483,6.541263443198263
2026m3,50,148,6181749,3,3912,19,49434,0,0,170,6235095,1.764705882352941,.0627416262302339,87.05882352941177,99.14442362145243,0,0,11.1764705882353,.7928347523173264
2026m3,51,442,18627388,13,813040,49,1935172,3,116057,507,21491657,2.564102564102564,3.783049394469677,87.17948717948718,86.67264697179934,.591715976331361,.5400095488216661,9.664694280078894,9.004294084909322
2026m3,52,1388,60270277,39,2531365,164,1219074,4,294696,1595,64315412,2.445141065830721,3.935860661205125,87.02194357366771,93.71047331547841,.2507836990595612,.4582043258931467,10.28213166144201,1.895461697423317
2026m3,53,377,21856937,3,76999,15,489379,0,0,395,22423315,.7594936708860759,.3433881208019421,95.44303797468355,97.47415580613304,0,0,3.79746835443038,2.182456073065022
2026m3,54,1134,119730463,33,1664140,118,8685130,7,314941,1292,130394674,2.554179566563468,1.2762331074964,87.77089783281734,91.82159004439092,.541795665634675,.2415290366844278,9.133126934984521,6.660647811428248
2026m3,55,905,111969211,38,3635713,52,5037323,3,7344,998,120649591,3.807615230460922,3.0134482594309,90.6813627254509,92.80529678712297,.3006012024048096,.0060870492300301,5.210420841683367,4.175167904216103
2026m3,56,1076,237050970,21,4191607,46,5395925,6,11999,1149,246650501,1.827676240208877,1.699411508594503,93.64664926022628,96.10804317806758,.5221932114882507,.0048647782799355,4.003481288076589,2.187680535057985
2026m3,57,966,239403435,4,28780,17,740146,4,23923,991,240196284,.4036326942482341,.0119818672964982,97.47729566094854,99.66991620902844,.4036326942482341,.0099597710678988,1.715438950554995,.3081421526071569
2026m3,58,1119,58158070,8,53084,50,2208391,6,9247,1183,60428792,.6762468300929839,.087845542237548,94.59002535925613,96.24231773489697,.5071851225697379,.0153023082109601,4.22654268808115,3.654534414654524
2026m3,59,901,206046831,18,5817221,31,8482985,3,25867,953,220372904,1.888772298006296,2.639716995334417,94.54354669464848,93.49916766536779,.3147953830010493,.0117378314350298,3.252885624344176,3.849377507862763
2026m3,60,578,54411946,17,1034860,29,5854763,3,156164,627,61457733,2.711323763955343,1.683856448138105,92.18500797448166,88.53555662393208,.4784688995215311,.2540998380138754,4.625199362041467,9.526487089915927
2026m3,61,11464,3239592259,58,1761328,429,41280826,25,508529,11976,3283142942,.4843019372077488,.0536476184898318,95.7247828991316,98.67350633921926,.20875083500334,.0154890910625481,3.582164328657315,1.257356951228351
2026m3,62,15957,2825578727,88,3616874,611,31140959,37,688017,16693,2861024577,.5271670760198885,.1264188371213702,95.5909662732882,98.76107845123205,.2216497933265441,.0240479234443151,3.660216857365363,1.088454788202262
2026m3,63,3513,1153535150,24,1108500,111,10765924,10,30900,3658,1165440474,.6560962274466922,.0951142529137872,96.03608529250957,98.97847000635402,.2733734281027884,.0026513580649851,3.034445051940951,.9237643826672181
2026m3,64,4510,2127346696,36,1457938,174,5141233,21,630364,4741,2134576231,.7593334739506433,.0683010509920739,95.12761020881671,99.66131286880238,.4429445264712086,.0295311074322555,3.670111790761442,.2408549727732821
2026m3,65,1195,255747366,4,71286,64,1697801,2,2225,1265,257518678,.316205533596838,.0276818755647697,94.46640316205533,99.31216173764297,.158102766798419,.0008640149977781,5.059288537549407,.659292371794484
2026m3,66,145,62225591,0,0,4,355234,1,1780,150,62582605,0,0,96.66666666666667,99.4295315767057,.6666666666666667,.002844240823788,2.666666666666667,.5676241824705124
2026m3,67,321,161018406,1,14813,4,322229,0,0,326,161355448,.3067484662576687,.0091803531790262,98.46625766871165,99.7911183017508,0,0,1.226993865030675,.1997013450701708
2026m3,68,1074,585160161,46,19630063,50,62242447,45,14867330,1215,681900001,3.786008230452675,2.878730454789954,88.39506172839506,85.81319257103213,3.703703703703703,2.180280096524006,4.11522633744856,9.127796877653912
2026m3,69,1144,519231237,47,11957061,47,47308440,6,65723,1244,578562461,3.778135048231511,2.066684551108476,91.96141479099678,89.74506159672879,.482315112540193,.0113597069340453,3.778135048231511,8.176894145228687
2026m3,70,2058,692511761,83,14691369,98,35449875,12,8491812,2251,751144817,3.68725011106175,1.955863725276827,91.42603287427809,92.19417418944927,.5330964015992893,1.130515954821532,4.353620613060862,4.719446130452365
2026m3,71,1222,1333163962,299,3950816613,82,84414804,22,201996214,1625,5570391593,18.4,70.92529397690409,75.2,23.93303845416025,1.353846153846154,3.626248004787264,5.046153846153846,1.515419564148405
2026m3,72,1748,1454996945,0,0,380,391672355,0,0,2128,1846669300,0,0,82.14285714285714,78.7903359307484,0,0,17.85714285714286,21.2096640692516
2026m3,73,5177,3059232837,0,0,301,33594723,0,0,5478,3092827560,0,0,94.50529390288426,98.91378609546534,0,0,5.494706097115736,1.086213904534658
2026m3,74,963,458979465,80,122146968,41,1897237793,9,30766573,1093,2509130799,7.319304666056725,4.868098867092979,88.10612991765782,18.29236902209019,.8234217749313815,1.226184502309001,3.751143641354071,75.61334760850784
2026m3,75,180,125729280,52,203002338,9,12188928,6,7823665,247,348744211,21.05263157894737,58.2095219352616,72.8744939271255,36.05200488905033,2.42914979757085,2.243382041401112,3.643724696356275,3.495091134286958
2026m3,76,1563,2869823322,0,0,58,52930619,0,0,1621,2922753941,0,0,96.42196175200493,98.18901556311339,0,0,3.578038247995065,1.810984436886608
2026m3,78,36,6505137,10,26666747,7,43997175,1,18011,54,77187070,18.51851851851852,34.54820477056585,66.66666666666666,8.427754804010569,1.851851851851852,.0233342190602649,12.96296296296296,57.00070620636332
2026m3,79,73,100966413,13,10684104,12,125036625,8,5909409,106,242596551,12.26415094339623,4.404062611755762,68.86792452830188,41.61906366096689,7.547169811320755,2.435899840966824,11.32075471698113,51.54097388631052
2026m3,80,38,7419454,29,86063307,3,147942,0,0,70,93630703,41.42857142857143,91.91782635659587,54.28571428571428,7.924167780733208,0,0,4.285714285714286,.1580058626709232
2026m3,81,336,224671012,104,124248218,46,37660308,22,19951646,508,406531184,20.47244094488189,30.5630226880701,66.14173228346458,55.26538205246268,4.330708661417323,4.907777505206095,9.05511811023622,9.263817754261135
2026m3,82,2477,928053916,12,2384220,99,20587245,3,1050230,2591,952075611,.4631416441528367,.2504233878542237,95.60015438054805,97.47691310202042,.1157854110382092,.1103095161629973,3.820918564260903,2.162353993962356
2026m3,83,1587,1164894403,11,472814,99,24689867,24,10877806,1721,1200934890,.6391632771644393,.0393704940989765,92.21382916908773,96.99896411536515,1.394538059267868,.9057781642100514,5.752469494479953,2.055887226325817
2026m3,84,17370,22484530142,674,1268788057,804,334450361,2588,48807882736,21436,72895651296,3.144243328979287,1.740553838867508,81.03190893823474,30.84481686115862,12.07314797536854,66.9558222860384,3.750699757417428,.4588070139354833
2026m3,85,11017,20073961755,1147,2587497731,551,426476248,2844,25129613805,15559,48217549539,7.371939070634359,5.366298693605621,70.80789253808085,41.63206539304428,18.2788096921396,52.11715245851371,3.541358699145189,.8844834548364002
2026m3,86,251,124924645,6,3246261,12,4256552,2,270678,271,132698136,2.214022140221402,2.446350113011384,92.619926199262,94.1419742324037,.7380073800738007,.2039802578688822,4.428044280442804,3.207695396716047
2026m3,87,3328,29236169583,14,8783464,239,227461118,3,77881,3584,29472492046,.390625,.0298022440256866,92.85714285714286,99.19815921018436,.0837053571428571,.0002642497956347,6.668526785714286,.7717742959943252
2026m3,88,173,1511842267,113,1829795806,22,4604669,150,243713837,458,3589956579,24.67248908296943,50.96985898669835,37.77292576419214,42.11310732402037,32.75109170305677,6.788768377468444,4.803493449781659,.1282653118128424
2026m3,89,178,141716534,13,3636768,43,29938586,0,0,234,175291888,5.555555555555555,2.074692697702018,76.06837606837607,80.8460309355559,0,0,18.37606837606838,17.07927636674208
2026m3,90,5227,9079931342,102,68636343,249,317896558,1740,1242156239,7318,10708620482,1.39382344902979,.6409447707608096,71.42661929488932,84.79085945068606,23.77698824815523,11.59959157286344,3.402569007925663,2.968604205689694
2026m3,91,846,558404543,13,550055,104,2111189,9,471684,972,561537471,1.337448559670782,.0979551727902411,87.03703703703704,99.44208033091348,.9259259259259258,.0839986687192955,10.69958847736626,.375965827576981
2026m3,92,525,114222785,9,2140333,14,5900282,0,0,548,122263400,1.642335766423358,1.750591755177756,95.80291970802919,93.42353067230259,0,0,2.554744525547445,4.825877572519659
2026m3,93,410,290816829,12,7909516,44,54746708,4,1404130,470,354877183,2.553191489361702,2.228803760539319,87.2340425531915,81.94858473050944,.851063829787234,.3956664635719903,9.361702127659575,15.42694504537926
2026m3,94,5521,4862136493,47,8348935,163,13318010,241,99878015,5972,4983681453,.7870060281312793,.1675254544002654,92.44809109176155,97.56114107319532,4.035498995311453,2.004101103610404,2.729403884795714,.2672323687940173
2026m3,95,1333,2086621032,24,6942557,55,49240700,3,369219,1415,2143173508,1.696113074204947,.3239381680524207,94.20494699646643,97.36127402709572,.2120141342756184,.0172276765563677,3.886925795053004,2.297560128295502
2026m3,96,1152,555736961,33,21551992,63,102074101,18,551218,1266,679914272,2.606635071090047,3.16981020807282,90.99526066350711,81.73632822344992,1.421800947867299,.0810716913440523,4.976303317535545,15.01278987713322
2026m3,97,376,578409268,2,27161,265,21534647,1,70028,644,600041104,.3105590062111801,.0045265232363148,58.38509316770186,96.39494097057725,.15527950310559,.0116705338239628,41.14906832298137,3.58886197236248
2026m3,98,17,450747447,6,15136472,2010,9611326249,56,605954741,2089,10683164909,.2872187649593106,.1416852789312306,.8137865007180469,4.219231387322957,2.680708472953566,5.672052675041225,96.21828626136907,89.96703065870459
2026m3,99,0,0,222,3241874726,0,0,0,0,222,3241874726,100,100,0,0,0,0,0,0
